,Frequency
workers,5686
of,5419
in,4671
and,4034
the,3519
COVID-19,3459
:,2953
healthcare,2856
health,2092
a,2058
",",1999
among,1640
pandemic,1583
during,1511
care,1306
study,1144
for,1138
to,1135
SARS-CoV-2,1046
A,936
on,845
with,653
.,588
infection,573
The,566
(,511
),511
hospital,510
from,501
cross-sectional,453
worker,337
mental,333
review,333
vaccine,326
risk,308
impact,294
coronavirus,277
vaccination,276
frontline,273
factors,273
at,266
survey,258
’,254
cohort,251
disease,246
outbreak,243
an,239
',232
de,226
?,214
by,208
social,208
systematic,201
stress,201
response,196
associated,195
first,192
patients,187
2019,186
after,184
psychological,183
Covid-19,179
antibody,178
COVID‐19,175
antibodies,175
India,175
anxiety,173
against,172
protective,170
Healthcare,170
symptoms,168
analysis,164
China,163
between,161
medical,153
Mental,149
tertiary,148
Prevalence,147
work,146
community,142
health-care,142
Health,142
prospective,142
2020,141
equipment,141
personal,140
support,135
qualitative,133
control,132
An,132
Impact,124
BNT162b2,122
Psychological,122
Seroprevalence,114
UK,111
practices,111
prevention,111
migrant,109
effects,108
depression,107
seroprevalence,106
wave,106
occupational,106
covid-19,106
role,106
exposure,106
Knowledge,105
IgG,105
prevalence,104
hospitals,102
as,101
testing,99
knowledge,99
Risk,99
status,97
transmission,97
rapid,96
case,96
-,95
protocol,94
experiences,94
meta-analysis,94
asymptomatic,93
public,93
practice,92
safety,92
Italy,90
following,89
burnout,88
respiratory,88
or,88
protection,87
attitudes,86
South,86
observational,85
their,85
emergency,85
population,84
Hospital,84
infections,84
well-being,83
essential,83
experience,82
[,81
use,80
],80
distress,80
mRNA,79
general,79
measures,78
using,78
Africa,77
virus,77
longitudinal,76
trial,75
Coronavirus,74
assessment,73
Japan,72
responses,72
characteristics,72
sex,72
quality,72
epidemic,71
en,71
university,71
attitude,71
coping,70
early,70
management,70
towards,69
clinical,69
outcomes,69
United,68
perceptions,68
controlled,68
its,68
working,68
acute,66
training,66
effect,65
home,65
la,65
large,64
perception,64
COVID,64
evidence,64
related,63
infected,63
Brazil,62
are,62
strategies,62
2,62
Nigeria,61
New,61
Factors,60
resilience,60
surveillance,59
exposed,59
Community,59
center,58
Japanese,57
screening,57
sleep,57
two,56
system,56
's,56
Wuhan,56
lockdown,55
Occupational,55
s,55
Spain,55
Chinese,54
Association,54
How,54
Evaluation,54
randomized,53
time,53
era,53
Assessment,53
is,53
months,53
facilities,52
masks,52
results,51
effectiveness,51
Ethiopia,51
Pandemic,50
data,50
pediatric,49
model,49
teaching,49
children,49
approach,49
crisis,48
cases,48
about,48
levels,48
severe,48
Social,48
Saudi,48
context,47
primary,47
other,47
challenges,47
positive,47
front-line,46
protect,46
dose,46
workplace,46
female,46
Canada,46
Italian,46
problems,46
life,46
City,45
physical,45
intervention,45
;,45
online,45
staff,45
based,45
2021,44
preparedness,44
national,44
interventions,44
preventive,44
second,43
conditions,43
phase,43
19,43
face,43
novel,43
who,43
hesitancy,42
implications,42
HIV,42
wellbeing,42
Arabia,42
perceived,42
outbreaks,42
psychosocial,42
disorders,42
due,42
–,41
perspectives,41
key,41
influenza,41
people,40
Study,40
England,40
retrospective,40
disorder,40
pandemia,40
symptomatic,40
new,40
nursing,40
risks,39
prophylaxis,39
emotional,39
patient,39
countries,39
global,39
regarding,39
Protecting,39
immune,38
single,38
perspective,38
state,38
pilot,37
test,37
treatment,37
report,37
States,37
Exploring,37
anti-SARS-CoV-2,37
Farmworkers,37
”,36
“,36
amongst,36
service,36
NHS,36
salud,36
vaccines,36
determinants,36
multicenter,36
incidence,35
diseases,35
Migrant,35
under,35
Spanish,35
impacts,35
women,35
randomised,35
Care,35
viral,35
Safety,35
Antibody,35
office,35
What,34
infectious,34
follow-up,34
needs,34
education,34
Clinical,34
Psychosocial,34
low,34
Stress,34
tests,34
over,33
scoping,33
serological,33
vaccinated,33
burden,33
Turkey,33
city,33
across,33
University,33
research,33
services,33
job,33
high,33
acceptance,33
toward,33
Personal,33
contact,32
Infection,32
Bangladesh,32
not,32
variant,32
events,32
Experiences,32
SARS,32
York,32
region,32
adverse,32
Iran,32
Effectiveness,31
negative,31
before,31
centre,31
detection,31
Comparison,31
quarantine,30
improve,30
intensive,30
respirators,30
can,30
skin,30
settings,30
three,30
secondary,30
guidelines,30
family,30
Effect,30
evaluation,30
hand,30
Kingdom,30
dynamics,30
‘,29
``,29
death,29
versus,29
Indonesia,29
syndrome,29
case-control,29
da,29
multicentre,29
State,29
immunity,29
comparison,29
department,29
reactions,28
Pakistan,28
rates,28
rural,28
concerns,28
Singapore,28
through,28
High,28
involved,28
Australian,28
implementation,27
Analysis,27
fear,27
level,27
performance,27
period,27
Mexico,27
confirmed,27
behaviors,27
Uganda,27
findings,27
country,27
high-risk,27
times,27
uptake,27
satisfaction,27
willingness,27
digital,26
literature,26
hygiene,26
academic,26
correlates,26
SARS‐CoV‐2,26
issues,26
learning,26
reduce,26
without,26
association,26
Anxiety,26
be,26
Burnout,25
programme,25
Assessing,25
PPE,25
professional,25
food,25
surgery,25
students,25
household,25
'',25
program,25
industry,25
unit,25
e,25
Transmission,25
living,25
summary,24
compliance,24
Egypt,24
setting,24
front,24
seropositivity,24
members,24
Adverse,24
December,24
media,24
long-term,24
dental,24
informal,24
post-traumatic,24
structured,24
have,24
mask,24
concern,24
environment,24
North,24
distancing,23
rate,23
Vaccine,23
different,23
CoronaVac,23
identification,23
Eastern,23
Resilience,23
but,23
changes,23
pandemics,23
Nepal,23
Kong,23
Hong,23
trabajadores,23
prevent,23
Hydroxychloroquine,23
prior,23
when,23
saúde,23
monitoring,22
line,22
exposures,22
posttraumatic,22
Vaccination,22
Ghana,22
remote,22
humoral,22
BCG,22
March,22
ethical,22
trials,22
strategy,22
6,22
assays,22
supporting,22
lessons,22
critical,22
France,22
Serological,22
French,22
inactivated,22
self-reported,22
sample,22
socioeconomic,22
intention,22
por,21
age,21
aerosol,21
referral,21
Rapid,21
Perceived,21
vulnerability,21
units,21
suspected,21
peak,21
do,21
investigation,21
Predictors,21
questionnaire,21
area,21
PCR,21
cancer,21
network,21
predictors,21
PTSD,21
fighting,21
mixed-methods,20
1,20
epidemiological,20
insomnia,20
Effects,20
y,20
Indian,20
From,20
Prospective,20
Work,20
cross‐sectional,20
series,20
duration,20
umbrella,20
descriptive,20
adults,20
procedures,20
caring,20
hospitalized,20
Among,20
treating,20
elderly,20
COVID19,20
policy,20
information,20
&,20
em,20
influence,20
help,20
Awareness,20
Sweden,20
relationship,20
tool,20
group,20
differences,19
doses,19
Madrid,19
Special,19
Perceptions,19
design,19
spike,19
organizational,19
preventing,19
convalescent,19
Working,19
nationwide,19
amid,19
N95,19
systems,19
UK-REACH,19
Europe,19
web-based,19
within,19
Systematic,19
May,19
economic,19
Germany,19
tuberculosis,19
hydroxychloroquine,19
Investigation,19
third,19
international,19
Development,19
Use,19
vulnerable,19
Determinants,19
development,19
barriers,19
mortality,19
coverage,19
violence,19
ChAdOx1,18
emerging,18
highly,18
facing,18
Correction,18
shift,18
RT-PCR,18
mediating,18
Results,18
Experience,18
./,18
cluster,18
depressive,18
professionals,18
West,18
neutralizing,18
Israel,18
history,18
designated,18
Survey,18
Medical,18
nasal,18
Role,18
Delhi,18
foreign,18
Canadian,18
we,18
need,18
Vietnam,18
Disease,18
providing,18
oncology,17
homes,17
Southern,17
Depression,17
world,17
Understanding,17
engagement,17
cell,17
oral,17
it,17
isolation,17
Respiratory,17
affected,17
behavior,17
receive,17
no,17
Province,17
flow,17
areas,17
residents,17
Brazilian,17
centers,17
one,17
U.S.,17
non-healthcare,17
Characteristics,17
affecting,17
methods,17
breakthrough,17
Barriers,17
los,17
communities,17
that,17
considerations,17
casos,16
Research,16
diagnostic,16
studies,16
gender,16
year,16
reinfection,16
industrial,16
Severe,16
resources,16
Relationship,16
recovery,16
Omicron,16
beyond,16
nosocomial,16
change,16
what,16
stressors,16
future,16
Brasil,16
validation,16
nurses,16
Thailand,16
synthesis,16
Region,16
Kenya,16
Farmworker,16
T,16
domestic,16
Milan,16
Are,16
hospitality,16
central,16
trauma,16
effective,16
responders,16
absenteeism,16
Australia,16
most,16
recommendations,15
four,15
action,15
six,15
National,15
middle-income,15
how,15
psychiatric,15
activity,15
amidst,15
previously,15
reduction,15
sector,15
US,15
influencing,15
seroconversion,15
Belgian,15
Paris,15
del,15
titers,15
neck,15
Qatar,15
functioning,15
assess,15
faced,15
confidence,15
work-related,15
stigma,15
therapy,15
side,15
COVID-19-related,15
variants,15
California,15
HCWs,15
distribution,15
construction,15
weeks,15
protecting,15
Comparative,15
Sleep,15
German,15
potential,15
specific,15
Longitudinal,15
profile,14
behaviour,14
frequency,14
paediatric,14
relation,14
traumatic,14
pain,14
Global,14
according,14
Improving,14
Teleworkers,14
growth,14
agricultural,14
Poland,14
older,14
peer,14
returning,14
child,14
cognitive,14
them,14
handling,14
sectional,14
Data,14
leave,14
Evidence,14
spread,14
2020/,14
non-health,14
airborne,14
epidemics,14
employment,14
Incidence,14
into,14
all,14
than,14
USA,14
Issue,14
cross,14
diagnosed,14
quantitative,14
diagnosis,14
mediation,14
Netherlands,14
profissionais,14
Paulo,14
rights,13
London,13
situation,13
corona,13
Posttraumatic,13
behavioral,13
malaria,13
roles,13
application,13
fatigue,13
Novel,13
Outbreak,13
positivity,13
Frontline,13
Perception,13
project,13
presenteeism,13
subjective,13
previous,13
Ireland,13
large-scale,13
Evaluating,13
el,13
welfare,13
tracing,13
type,13
higher,13
labour,13
County,13
human,13
address,13
São,13
Primary,13
Low,13
pre-exposure,13
Egyptian,13
reducing,13
injury,13
platform,13
framework,13
Training,13
productivity,13
admission,13
saliva,13
Northern,13
mobile,13
Public,13
Denmark,13
Using,13
does,13
Job,13
assessing,13
Malaysia,13
Perspectives,13
version,12
learned,12
managing,12
mixed,12
value,12
semanas,12
exhaustion,12
Trust,12
dedicated,12
providers,12
Latinx,12
January,12
Risks,12
Description,12
compared,12
sars-cov-2,12
nine,12
disparities,12
Estimating,12
clinic,12
Western,12
lateral,12
illness,12
field,12
Acute,12
tertiary-care,12
Adherence,12
European,12
pressure,12
appraisal,12
kinetics,12
hospitalizados,12
young,12
five,12
school,12
deaths,12
district,12
Physical,12
precautions,12
un,12
personnel,12
Implementation,12
call,12
facility,12
medicine,12
Israeli,12
communication,12
dealing,12
contamination,12
post-vaccination,12
baseline,12
loss,12
Cape,12
carriers,12
experiencing,12
Dynamics,12
Willingness,12
sick,12
durante,12
multi-center,12
nCoV-19,12
delivery,12
farmworkers,11
actions,11
Cohort,11
including,11
manage,11
Two,11
anti-spike,11
induced,11
Symptoms,11
urban,11
moderated,11
skills,11
Lessons,11
East,11
impairment,11
features,11
fight,11
while,11
mRNA-1273,11
preprint,11
comparative,11
IgM,11
evolution,11
guidance,11
pneumonia,11
vulnerabilities,11
access,11
increased,11
Greece,11
presentation,11
Addressing,11
Challenges,11
common,11
Greater,11
efforts,11
facilitators,11
eczema,11
developing,11
internal,11
simulation,11
return,11
Neutralizing,11
being,11
important,11
British,11
Gender,11
Essential,11
regional,11
disability,11
narrative,11
Emotional,11
SARS-COV-2,11
Cross-sectional,11
importance,11
workforce,11
years,11
immunogenicity,11
programs,11
groups,11
natural,11
scenario,11
Hand,11
persons,11
Seasonal,11
African,11
booster,11
Colombia,11
swabs,11
current,11
à,11
experienced,11
views,11
Changes,11
serology,11
Massachusetts,11
reflections,11
predictive,11
institutions,11
private,11
Health-care,11
endoscopy,11
exploratory,10
adherence,10
get,10
indicators,10
should,10
palliative,10
Acceptability,10
Central,10
injuries,10
dawn,10
Republic,10
Implications,10
Carolina,10
Application,10
behaviours,10
Secondary,10
daily,10
3,10
Kampala,10
insights,10
severity,10
non-frontline,10
CoV-2,10
leadership,10
Can,10
Boston,10
focus,10
resource,10
SIREN,10
north,10
mitigation,10
teleworkers,10
awareness,10
regions,10
identify,10
turnover,10
Covid,10
institution,10
Calmette-Guérin,10
Kerala,10
Bacillus,10
Syndrome,10
laboratory,10
aspects,10
initiative,10
/,10
blood,10
administration,10
Quebec,10
maternal,10
Humoral,10
Peru,10
Persistent,10
real-world,10
intentions,10
Randomized,10
trabalhadores,10
examination,10
assay,10
dermatitis,10
Iranian,10
universal,10
Should,10
factor,10
Immunogenicity,10
patterns,10
night,10
gargling,10
families,10
swab,10
Tokyo,10
low-income,10
sickness,10
Black,10
B.1.1.7,10
Immigrant,10
Corona,9
Response,9
retail,9
course,9
Initial,9
coronavirus-2,9
Testing,9
Surveillance,9
We,9
Lived,9
ill,9
loneliness,9
sprays,9
initial,9
outcome,9
reality,9
mouthwashes,9
Patients,9
Remote,9
Management,9
quarantined,9
technology,9
brief,9
increase,9
International,9
Long-term,9
Validation,9
Comparing,9
close,9
less,9
SARS-CoV2,9
waste,9
Kuwait,9
metropolitan,9
mandatory,9
beliefs,9
back,9
Swiss,9
Symptomatic,9
Performance,9
poor,9
guide,9
climate,9
activities,9
Differential,9
labor,9
habits,9
scale,9
integrated,9
ethnicity,9
homeless,9
Workplace,9
capacity,9
health-related,9
Croatian,9
Is,9
efficacy,9
employees,9
hepatitis,9
Tertiary,9
No,9
Lombardy,9
Universal,9
Teaching,9
view,9
security,9
commercial,9
surgical,9
aid,9
policies,9
Attitudes,9
up,9
Covid‐19,9
Center,9
Latin,9
pregnant,9
Differences,9
days,9
Supporting,9
government,9
evaluate,9
Indonesian,9
Review,9
moral,9
diverse,9
app,9
suicidal,9
opportunities,9
Protocol,9
seasonal,9
function,9
trust,9
Switzerland,9
mitigate,9
regulation,9
hospital-based,9
cellular,9
detected,8
protein,8
solutions,8
Controlled,8
body,8
az,8
Impacts,8
detailed,8
disease-2019,8
respirator,8
cities,8
households,8
discrimination,8
protocols,8
highlights,8
Trials,8
Preliminary,8
dysfunction,8
stages,8
Screening,8
multinational,8
province,8
Chile,8
dos,8
plasma,8
Zimbabwe,8
preferences,8
used,8
Portugal,8
enhance,8
Ontario,8
virtual,8
Post-vaccination,8
April,8
promotion,8
matched,8
Bangladeshi,8
team,8
Fear,8
belief,8
Acceptance,8
residential,8
single-centre,8
Clinic,8
visits,8
Norwegian,8
may,8
along,8
Congo,8
build,8
dietary,8
Detection,8
multi-centre,8
head,8
Korea,8
accuracy,8
non-COVID-19,8
threat,8
disaster,8
First,8
las,8
entre,8
pela,8
Post-traumatic,8
discomfort,8
full,8
decline,8
exploration,8
silent,8
Society,8
plants,8
Southwest,8
Delta,8
long,8
Access,8
south,8
post,8
Well-being,8
implementing,8
low-,8
season,8
Short-term,8
exercise,8
Asymptomatic,8
collected,8
selected,8
MERS-CoV,8
associations,8
improvement,8
Identifying,8
Towards,8
musculoskeletal,8
Findings,8
responding,8
Zealand,8
point-of-care,8
aged,8
dementia,8
temporary,8
frontlines,8
financial,8
part,8
migration,8
Organizational,8
Families,8
right,8
Quality,8
mass,8
Irish,8
Columbia,8
adult,8
Concerns,8
symptom,8
Heat,7
our,7
individual,7
plan,7
Ethical,7
individuals,7
Epidemiology,7
Serbia,7
Qualitative,7
Immune,7
cause,7
profesionales,7
Asia,7
SARS-Cov-2,7
community-based,7
particulate,7
theory,7
Case,7
Dynamic,7
KwaZulu-Natal,7
home-based,7
smell,7
B,7
western,7
low-wage,7
Survival,7
On,7
Self-efficacy,7
Migration,7
complex,7
nasopharyngeal,7
Regional,7
San,7
acid,7
duty,7
!,7
acute-care,7
legal,7
limited,7
Department,7
Workers,7
moderate,7
Potential,7
behavioural,7
Espírito,7
Economic,7
|,7
comparing,7
will,7
Sense,7
stigmatization,7
doctors,7
Do,7
Santo,7
onset,7
provinces,7
small,7
preliminary,7
containing,7
masking,7
workload,7
nucleic,7
During,7
Reflections,7
affect,7
America,7
Spring,7
equipments,7
flu,7
more,7
stage,7
Side,7
teachers,7
lower,7
ivermectin,7
supply,7
frente,7
Dental,7
Examining,7
Re-infection,7
governance,7
empirical,7
index,7
300,7
Lagos,7
And,7
relationships,7
Ethnicity,7
Scotland,7
availability,7
farm,7
Collaborative,7
Organization,7
Sri,7
Lanka,7
Cutaneous,7
attending,7
Home,7
modelling,7
audit,7
environmental,7
na,7
Building,7
primeiras,7
Mexican,7
Descrição,7
July,7
Belief,7
routes,7
standard,7
lifestyle,7
nas,7
WHO,7
IgA,7
enhanced,7
nove,7
approved,7
shelter,7
available,7
Prevention,7
also,7
heroism,7
Epidemiological,7
intellectual,7
process,7
Nigerian,7
damage,7
polymorphisms,7
precarious,7
waves,7
reliability,7
demands,7
wards,7
manufacturing,7
tested,7
structural,7
post-COVID-19,7
tourism,7
Ecuador,7
end,6
Cumulative,6
Design,6
For,6
term,6
sociodemographic,6
covId-19,6
alcohol,6
Routine,6
infeCtious,6
PROLIFIC,6
basic,6
order,6
Antimicrobial,6
General,6
contracting,6
disruption,6
Difficulties,6
ChemoPROphyLaxIs,6
subgroups,6
Russia,6
characterization,6
india,6
situational,6
powered,6
Emerging,6
mobility,6
delta,6
infective,6
Belgium,6
Dhaka,6
targeted,6
lives,6
June,6
vicarious,6
Pfizer-BioNTech,6
nonprofit,6
did,6
motivation,6
outpatient,6
disturbances,6
SARS-CoV-2-specific,6
4040,6
12,6
options,6
Moral,6
Democratic,6
meta-analyses,6
result,6
zone,6
air,6
Scale,6
society,6
know,6
happiness,6
Vaccines,6
facial,6
Kinetics,6
Southeast,6
egészségügyi,6
Anti-SARS-CoV-2,6
Demographic,6
clinics,6
campaign,6
Delayed,6
Hubei,6
planning,6
major,6
Environmental,6
month,6
sexual,6
Positive,6
optimise,6
District,6
interruption,6
gig,6
16,6
manifestations,6
Interventions,6
proposal,6
vaccinations,6
minority,6
Test,6
Foundation,6
screen,6
Promoting,6
persistence,6
substance,6
childcare,6
sobre,6
morbidity,6
Single-dose,6
generating,6
around,6
severely,6
Swedish,6
business,6
developed,6
mild,6
Efficacy,6
I,6
neighborhood,6
zero,6
Sars-CoV-2,6
domain,6
Early,6
In,6
Arab,6
absence,6
co-workers,6
ongoing,6
Skin,6
coherence,6
Professional,6
sectors,6
Amhara,6
caregivers,6
Postvaccination,6
Who,6
overlooked,6
Birthworkers,6
Resistance,6
both,6
Creativity,6
police,6
Persistence,6
Real-world,6
Prioritizing,6
carriage,6
telecommuting,6
institutional,6
Time,6
Six-month,6
cumulative,6
serum,6
prolonged,6
dermatoses,6
covid,6
Protective,6
stratification,6
Turkish,6
box,6
Large,6
market,6
never,6
You,6
involvement,6
Learning,6
donation,6
Point,6
MERS,6
D,6
politics,6
5,6
dynamic,6
000,6
Finland,6
Argentina,6
hybrid,6
11,6
droplet,6
changing,6
8,6
attendance,6
cardiovascular,6
Ensuring,6
Jakarta,6
trends,6
associates,6
taste,6
teleworking,6
seroepidemiological,6
Guinea,6
modifiable,6
transportation,6
reveals,6
videos,6
Area,6
inactive,6
Croatia,6
Network,6
Town,6
local,6
inequities,6
functional,6
antigen,6
Jordanian,6
línea,6
wearing,6
primera,6
Telework,6
para,6
Sisonke,6
epicenter,6
Wales,6
underwent,6
supports,6
separate,6
Taiwan,6
learn,6
special,6
decreased,6
Correlation,6
Hospitals,6
et,6
Responses,6
reference,6
device,6
variation,5
Stigma,5
component,5
Depressive,5
bacterial,5
gaps,5
routinely,5
greater,5
Seroconversion,5
Crisis,5
Descripción,5
needed,5
become,5
ecological,5
endemic,5
sanitarios,5
moderating,5
acceptability,5
scientific,5
anti-Spike,5
Frequency,5
benefits,5
Strategy,5
commentary,5
Model,5
sustainable,5
meta‐analysis,5
v,5
double-blind,5
antimicrobial,5
deserve,5
Intention,5
nueve,5
Sex,5
collection,5
fever,5
subsequent,5
somatization,5
checklist,5
donors,5
Contact,5
Tunisia,5
continuing,5
primeras,5
Northwest,5
affects,5
Nursing,5
pacientes,5
prioritization,5
day,5
PPE-SAFE,5
jobs,5
number,5
crises,5
southwest,5
Colombian,5
Where,5
summer,5
garment,5
Large-scale,5
interview,5
sequencing,5
Staff,5
wastewater,5
Sociodemographic,5
Point-of-care,5
designed,5
imbalance,5
panel,5
susceptibility,5
undiagnosed,5
Attitude,5
Treviso,5
train,5
Insomnia,5
at-risk,5
Fondazione,5
cope,5
reform,5
Will,5
BioNTech/Pfizer,5
Comirnaty,5
Status,5
Service,5
encountered,5
understanding,5
success,5
Digital,5
tracking,5
compensation,5
direct,5
aerosol-generating,5
One,5
suffering,5
Epidemics,5
Optimal,5
online-based,5
Internet,5
Subjective,5
binding,5
integrative,5
­,5
RBD,5
gustatory,5
strain,5
olfactory,5
literacy,5
washing,5
Preventing,5
usage,5
posed,5
equity,5
economy,5
approaches,5
demand,5
Asia-Pacific,5
domiciliary,5
newly,5
interpretive,5
pathogenesis,5
population-based,5
rising,5
spring,5
pandemic-related,5
respiratoria,5
video,5
outpatients,5
fragile,5
harassment,5
Which,5
Compliance,5
outline,5
Bioresource,5
Increasing,5
peritraumatic,5
utilization,5
tools,5
Self-reported,5
safely,5
educational,5
4,5
conventional,5
Chongqing,5
immunoassays,5
immunization,5
provides,5
Riyadh,5
Burden,5
open,5
consequences,5
examining,5
departments,5
IgM/IgG,5
hierarchy,5
Stressors,5
follow,5
detect,5
Emirates,5
scores,5
parents,5
identifying,5
Jordan,5
my,5
Washington,5
shield,5
educators,5
out,5
Malaysian,5
better,5
plastic,5
benefit,5
drugs,5
mediators,5
workers-,5
Mexico/,5
southern,5
surge,5
composition,5
Innovative,5
Strategies,5
Information,5
expanding,5
eastern,5
Implementing,5
influences,5
inform,5
chronic,5
law,5
Developing,5
sharing,5
Syria,5
132,5
revaccination,5
total,5
Waning,5
maternity,5
innate,5
Matched,5
System,5
pay,5
air-purifying,5
Botswana,5
naive,5
districts,5
Toronto,5
ensure,5
Managing,5
innovation,5
rheumatic,5
increasing,5
survivors,5
reduced,5
calls,5
us,5
emotions,5
donning,5
shedding,5
Jersey,5
sedentary,5
Effective,5
globally,5
conflict,5
despite,5
Corrigendum,5
registered,5
ART,5
some,5
immigrant,5
Severity,5
Profile,5
obstetric,5
des,5
El,5
YouTube,5
properly,5
challenge,5
neonatal,5
When,5
relative,5
feasibility,5
safe,5
closures,5
otorhinolaryngology,5
T-cell,5
helping,5
Mortality,5
employed,5
best,5
you,5
assessed,5
initiatives,5
November,5
transport,5
processing,5
chest,5
still,5
teleworker,5
complaints,5
Learn,5
re,5
Oman,5
condition,5
own,5
businesses,5
achieve,5
explanatory,5
Impacto,5
collaborative,5
full-time,5
Outcomes,5
screened,5
Post-COVID-19,5
doffing,5
North-West,5
responsibilities,4
prediction,4
sources,4
telemedicine,4
Seropositivity,4
victims,4
public-sector,4
Breakthrough,4
pandemic/,4
socially,4
existing,4
Room,4
Lebanon,4
fingerprint-verified,4
score,4
assistance,4
Child,4
Québec,4
resilient,4
Level,4
worry,4
Iganga,4
Mengo,4
Louisiana,4
Sustained,4
hope,4
alert,4
open-ended,4
participate,4
worldwide,4
week,4
auxiliary,4
10,4
homelessness,4
World,4
societal,4
coronaviruses,4
boosting,4
latent,4
unvaccinated,4
radiology,4
source,4
Preparedness,4
fourth,4
receptor,4
40,4
seafarers,4
ancillary,4
priming,4
Preventive,4
Ethiopian,4
Engaging,4
Programme,4
Vitamin,4
tip,4
participants,4
re-infection,4
sensitivity,4
Influence,4
iceberg,4
responsibility,4
Porto,4
herbal,4
Balancing,4
di,4
filtering,4
first-wave,4
mediated,4
mRNA-based,4
Pradesh,4
Bogotá,4
well‐being,4
paper,4
points,4
Thermal,4
Filipino,4
Mali,4
COVISHIELD,4
brote,4
Maternal,4
attended,4
interactions,4
states,4
non-key,4
Family,4
targets,4
como,4
schools,4
für,4
abuse,4
justice,4
career,4
illnesses,4
Relapse,4
Malawi,4
Influencing,4
connection,4
resource-limited,4
drivers,4
Disparities,4
ELISA,4
symptomatology,4
interaction,4
module,4
Mumbai,4
immunisation,4
indirect,4
Engagement,4
Naples,4
sanitation,4
handwashing,4
—,4
Mentality,4
Ningbo,4
smoking,4
immunoassay,4
reported,4
output,4
Sharing,4
occurrence,4
Barcelona,4
characterized,4
adjustability,4
workstation,4
Contribution,4
prenatal,4
protected,4
shields,4
workers-findings,4
Influenza,4
nephrology,4
proactive,4
BBV-152,4
this,4
controls,4
leaders,4
messages,4
voices,4
otolaryngology,4
differential,4
cycle,4
real-time,4
performing,4
forensic,4
mechanisms,4
evaluating,4
ethnic,4
vaccine-induced,4
meatpacking,4
sequential,4
2020./,4
Support,4
concerning,4
low-cost,4
volunteers,4
determining,4
anti-nucleocapsid,4
they,4
Covid19,4
adopted,4
circumstances,4
Asian,4
Tribute,4
Determination,4
CoV2,4
compassion,4
Emergency,4
Bedelle,4
Buno,4
clustering,4
Evaluación,4
Bor,4
Illu,4
México,4
questions,4
investigating,4
non,4
black,4
respectable,4
inevitability,4
Sierra,4
caseload,4
contributing,4
adaptation,4
Age,4
targeting,4
military,4
emotion,4
Needed,4
correlation,4
Introduction,4
les,4
priority,4
Leone,4
Negative,4
Long,4
Neutralization,4
Victoria,4
containment,4
Connecticut,4
receiving,4
BNT162b2-vaccinated,4
South-African,4
recognition,4
unemployment,4
changed,4
heterogeneity,4
Palestinian,4
limits,4
American,4
coordination,4
pre-existing,4
Characterization,4
Safe,4
measure,4
stakeholder,4
vs,4
precautionary,4
nonpandemic,4
having,4
upper-middle-income,4
tempos,4
trabalho,4
supervision,4
disinfection,4
DNA,4
self-isolation,4
community-led,4
main,4
caused,4
building,4
Key,4
Creating,4
Quantitative,4
elimination,4
Suicide,4
zones,4
trasmission,4
periodic,4
Quantitation,4
clusters,4
comprehensive,4
Women,4
Middle,4
advanced,4
Distress,4
Nurses,4
realities,4
100,4
Punjab,4
hit,4
multi-country,4
peaks,4
accept,4
problem,4
Strengthening,4
7-day,4
PrEP,4
Multipronged,4
Continuum,4
forefront,4
regular,4
interviewing,4
Lebanese,4
seeking,4
dolgozók,4
enterprises,4
Patterns,4
develop,4
relief,4
has,4
motivational,4
Psychiatric,4
traits,4
criteria,4
Self-care,4
improving,4
variability,4
Surgical,4
Security,4
Labour,4
Insights,4
alone,4
Feasibility,4
School,4
forgotten,4
Gendered,4
Surveying,4
revisão,4
last,4
epidemia,4
forms,4
products,4
populations,4
Bengal,4
Headache,4
disinfectant,4
English,4
Midlands,4
intubation,4
lead,4
solution,4
Higher,4
biological,4
migrants,4
participation,4
northern,4
Patient,4
telehealth,4
hospitalisation,4
non-specific,4
sudden,4
taking,4
hero,4
30,4
then,4
precarity,4
go,4
working-age,4
were,4
Providing,4
technologies,4
monetary,4
90-day,4
non-hospitalized,4
utility,4
framing,4
Sources,4
Peruvian,4
analytical,4
practical,4
B.1.617.2,4
china,4
UpSCALE,4
incident,4
Mycobacterium,4
accurate,4
users,4
subsidies,4
self-efficacy,4
FLoWS,4
Polish,4
Threats,4
geographic,4
sentinel,4
Projected,4
species,4
administered,4
always,4
nonepidemic,4
Coworker,4
Behavior,4
Mozambique,4
form,4
gathering,4
uno,4
HCW,4
strong,4
peripheral,4
Online,4
learnt,4
trauma-related,4
electronic,4
disease-19,4
Paid,4
With,4
why,4
Project,4
Modeling,4
functions,4
strengthening,4
Infección,4
upon,4
sequelae,4
infección,4
Vulnerability,4
surfaces,4
trainees,4
obsession,4
site,4
estrés,4
Monterey,4
samples,4
209,4
self-testing,4
Jewish,4
al,4
later,4
Inadequate,4
Contamination,4
Prevalência,4
nested,4
past,4
Pasteur,4
Institut,4
Diseases,4
Airborne,4
Did,4
experiment,4
Caught,4
epidemiology,4
on-site,4
Yoga,4
Metro,4
dirty,4
micronucleus,4
limit,4
College,4
Saint,4
hospitalization,4
Union,4
Iowa,4
Does,4
cortisol,4
filtration,4
male,4
test-negative,4
drive,4
reactogenicity,4
Covishield,4
Florida,4
RNA,4
-19,4
identifies,4
hair,4
Veneto,4
Monitoring,4
relatives,4
cells,4
middle,4
enablers,4
shortage,4
humanitarian,4
Bukavu,4
intelligence,4
income,4
swabbing,4
Teleworker,4
Luc,4
SEMI-COVID-19,4
rollout,4
Educational,4
Papua,4
Chain,4
systemic,4
Registry,4
undertaking,4
multi-methods,4
serosurvey,4
presenting,4
Adaptive,4
subjects,4
observed,4
durability,4
payments,4
each,4
packaging,4
Mallorca,4
neutralization,4
Co-infection,4
specialist,4
prioritise,4
biases,4
allocation,4
ear-nose-throat,4
emphasis,4
conserve,4
immediate,4
clearance,4
lethality,4
Danish,4
Violence,4
segurança,4
Hungarian,4
cuidado,4
resistance,4
content,4
Non-farmworker,4
had,4
Portuguese,4
sourcing,4
Olfactory,4
Cancer,4
gloves,4
Coworkers,4
thermal,4
resemblance,4
Self-perceived,4
vector,4
editor,3
VOC,3
elders,3
Serology,3
Letter,3
AstraZeneca,3
mood,3
partial,3
infecção,3
models,3
Antibodies,3
October,3
España,3
Beliefs,3
obstetrics,3
Saúde,3
202012/01-lineage,3
rubella,3
COVID-19/,3
unemployed,3
estimating,3
ten,3
Increased,3
equipment-related,3
Kerman,3
prevaccination,3
speech,3
Facing,3
minimize,3
enterprise,3
myocarditis,3
Masking,3
transmissible,3
aguda,3
cooperative,3
programa,3
24,3
external,3
detección,3
Lima,3
modified,3
depot,3
REduction,3
Okanogan,3
incubation,3
Characterizing,3
nCoV-,3
determination,3
super-spreader,3
egypt,3
mitigating,3
24-h,3
snorkel,3
2019-nCoV,3
contagio,3
STress,3
Drive-through,3
REST,3
geospatial,3
thoughts,3
bus,3
Michigan,3
post-pandemic,3
time-use,3
Excess,3
E-learning,3
Cost-effectiveness,3
investment,3
Comprehensive,3
BNT162b,3
indications,3
sensitive,3
multisystem,3
inflammatory,3
biosafety,3
search,3
ideation,3
younger,3
chemicals,3
CMAJ,3
supportive,3
Saǧlik,3
managed,3
healthcareCOVID,3
C,3
livelihood,3
overview,3
quasi-experiment,3
stakeholders,3
Different,3
boosts,3
significantly,3
intent,3
Characterize,3
Recommendation,3
ability,3
Nationwide,3
bullying,3
commitments,3
document,3
Theta,3
P.3,3
traditional,3
movement,3
Levels,3
TB,3
background,3
Consortium,3
Norway,3
contingent,3
Facial,3
VOICE,3
sero-prevalence,3
"1,688",3
collective,3
overwork-related,3
contributes,3
Simulation,3
Cross-Sectional,3
precoz,3
barrier,3
18,3
Palestine,3
enough,3
mapping,3
BAME,3
Philippines,3
Retrospective,3
ocupacional,3
attack,3
Our,3
Literature,3
acquired,3
--,3
there,3
Non-life-threatening,3
exploitation,3
class,3
3678,3
stroke,3
headache,3
manager,3
novo,3
re-sterilisation,3
Mask-associated,3
Day,3
reactivity,3
contrasting,3
Rural,3
chez,3
performed,3
LMICs,3
Robotic,3
found,3
Urban,3
effort,3
Solidarity,3
advocacy,3
thousand,3
Give,3
prioritize,3
cultural,3
burn-out,3
seguimiento,3
cardiopulmonary,3
Estimated,3
V,3
athletes,3
effort-reward,3
model-informed,3
Observational,3
physiological,3
dermatological,3
schedule,3
artifact-canceled,3
seropositive,3
partner,3
means,3
Missing,3
cost-effectiveness,3
unhealthy,3
Socio-ecological,3
Pakistani,3
decemberében,3
átadásában,3
ismeretek,3
insecurity,3
skilled,3
Supply,3
prepared,3
priorities,3
like,3
sistema,3
underestimated,3
reinforcement,3
impacted,3
difference,3
Air,3
tobacco,3
población,3
approximately,3
Irritant,3
types,3
prestige,3
Panbio,3
show,3
heart,3
Ag,3
HCQ,3
standardized,3
PAPR,3
non-clinical,3
szerepe,3
implemented,3
mild-moderate,3
patient-facing,3
assumed,3
Triaging,3
La,3
combating,3
Navarra,3
Search,3
Associations,3
systematic-review,3
Seeking,3
contacts,3
surrounding,3
customer,3
Environment,3
Proactive,3
Uptake,3
beginning,3
Tobago,3
person,3
Trinidad,3
repatriated,3
single-center,3
healthcare-associated,3
Diego,3
parallel,3
urgent,3
Progressive,3
post-COVID,3
Opera,3
vélekedések,3
kapcsolatos,3
short-term,3
védooltással,3
Shorter,3
elleni,3
Camillo,3
koronavírus,3
silico,3
paid,3
Fatigue,3
Opinions,3
Estimation,3
Yemen,3
que,3
confront,3
delivering,3
fundamental,3
linkage,3
Wearing,3
Neuroscience,3
Adapting,3
meat,3
ten-year,3
soignants,3
multilevel,3
preservation,3
scheduling,3
parts,3
COVID­19,3
membrane,3
Kashmir,3
Approach,3
Transnational,3
multi-countries,3
Recurrent,3
antibody-negative,3
field-based,3
Psychometric,3
antibody-positive,3
amounts,3
Mandatory,3
instability,3
South-East,3
virion,3
reports,3
pauci-symptomatic,3
clients,3
Ebola,3
"6,317",3
27,3
universitario,3
Neuroticism,3
infection-,3
nurse,3
Usefulness,3
Source,3
linha,3
intra-hospital,3
lockdowns,3
pleasure,3
north-east,3
burdened,3
pulmonary,3
Siloam,3
Charybdis,3
Scylla,3
pattern,3
alleged,3
native,3
workplaces,3
Slovenia,3
Diamond,3
dioxide,3
Princess,3
medical-grade,3
o,3
Cross,3
Nosocomial,3
contagion,3
set-up,3
Vaccinated,3
prophylactic,3
Pre-exposure,3
digestive,3
SARS-COV2,3
issue,3
non-pharmaceutical,3
electrophysiology,3
emergence,3
extending,3
Patan,3
Household,3
Disruptions,3
confined,3
third-country,3
carbon,3
inside,3
occupations,3
Viral,3
dormitory,3
illetve,3
Oxford-AstraZeneca,3
Vietnamese,3
aba,3
comment,3
anxieties,3
Taizhou,3
was,3
BBIBP-CorV,3
Scheme,3
Insurance,3
worried,3
exhausted,3
gastrointestinal,3
non-communicable,3
transmissions,3
Satisfied,3
Suraksha,3
prescription,3
Chakra,3
dust,3
scoring,3
restrictions,3
metropolises,3
leisure,3
retest,3
saline,3
ozonized,3
Intravenous,3
ophthalmology,3
Detroit-area,3
Post-outbreak,3
music,3
brazilian,3
Chhattisgarh,3
health‐care,3
agencies,3
serologic,3
cost,3
mucormycosis,3
comfort,3
identity,3
ultrasound,3
titer,3
infant,3
seroconversionamong,3
factory,3
determine,3
Lack,3
Suggestions,3
Intersecting,3
Distance,3
hardships,3
conferred,3
September,3
package,3
Natural,3
enhances,3
emission,3
Guatemala,3
eliminate,3
Practice,3
CT,3
been,3
optimize,3
auriculotherapy,3
AGPs,3
Face,3
compulsory,3
deficit,3
Exposure,3
stress-related,3
Have,3
Forgotten,3
2017,3
pollution,3
550,3
on-time,3
thrombocytopenia,3
airway,3
extreme,3
plus,3
empowerment,3
socio-demographic,3
multi-ethnic,3
personality,3
Biological,3
civil,3
COVID-19-associated,3
mining,3
Mitigates,3
Mobile,3
avoided,3
Structural,3
inequalities,3
cAIR,3
pathogens,3
wearable,3
hypertension,3
Rural-Urban,3
Immigration,3
evolving,3
Tygerberg,3
Deaths,3
periods,3
repeated,3
Américas,3
crimes,3
coviD-19,3
Americas/,3
Trabajadores,3
objetivos,3
crímenes,3
disposable,3
odio,3
Vulnerable,3
railway,3
Valley,3
exploring,3
Maltese,3
sampling,3
Non-occupational,3
Investigating,3
strengths,3
rise,3
hate,3
method,3
Thai,3
Analyzing,3
recombinant,3
dimensions,3
active,3
requirements,3
inequality,3
surveys,3
inpatient,3
Zambia,3
low-prevalence,3
February,3
3D-printed,3
Reactogenicity,3
Feeling,3
signs,3
single-dose,3
threshold,3
usefulness,3
advisors,3
Cambridgeshire,3
Peterborough,3
gallon,3
conditional,3
Action,3
roadmap,3
little,3
bodies,3
Bayelsa,3
Recurrence,3
post-covid,3
Significance,3
goal,3
Elimination,3
Somalia,3
big,3
company,3
cold,3
Fangcang,3
opinions,3
vinegar,3
honey,3
neurological,3
Spoonful,3
non-COVID,3
Magnitude,3
mindfulness,3
under-reported,3
spatiotemporal,3
Metropolitan,3
Stigmatization,3
King,3
HOME-COVID-19,3
Saud,3
marginalised,3
Tracking,3
KSMC,3
ACE2,3
Policy,3
rehabilitation,3
genetic,3
Shanghai,3
recovered,3
Demand,3
Bihar,3
midst,3
initiation,3
chains,3
Kenyan,3
non-infected,3
double-sited,3
After,3
Evidence-Based,3
disproportionate,3
Aligned,3
increases,3
reusable,3
pork,3
pandemic-A,3
critically,3
SGM,3
non-responders,3
typed,3
monographic,3
provided,3
Infectious,3
supplement,3
non-isolated,3
loads,3
Caring,3
Mediterranean,3
pesticides,3
recently,3
non-essential,3
adolescents,3
Zhejiang,3
Field,3
lived,3
June-November,3
Measuring,3
prioritised,3
stepped,3
MESH,3
differing,3
SNS,3
adjuvated,3
Female,3
spray,3
dormitories,3
Sick,3
Theory,3
Daily,3
monocentric,3
understand,3
capillary,3
specimens,3
My,3
chemoprophylaxis,3
municipal,3
Presenteeism,3
Facebook,3
hurts,3
stop,3
depletion,3
Henares,3
want,3
norms,3
sociological,3
experiential,3
immunodeficiency,3
ventilatory,3
Simulation-based,3
night-shift,3
Uncertainties,3
commuting,3
EXPRESS,3
deliver,3
shortages,3
Component,3
dried,3
spot,3
Thoughts,3
her,3
via,3
therapeutic,3
itinerary,3
Some,3
Team,3
youth,3
Aotearoa,3
Moderate,3
shielding,3
contributions,3
50,3
Collateral,3
dire,3
ostracism,3
principles,3
style,3
PACT,3
21,3
sitting,3
quasi-experimental,3
6-month,3
timing,3
preference,3
every,3
Failure,3
markers,3
1st,3
Tuberculosis,3
COVID-19-infected,3
acquisition,3
eye,3
Tailored,3
persistent,3
2003,3
artificial,3
danger,3
analyses,3
modeling,3
informed,3
got,3
infodemics,3
stay-at-home,3
disabilities,3
done,3
interrupting,3
note,3
chain,3
psychology,3
Jeddah,3
Compulsory,3
Opportunity,3
co-worker,3
oil,3
paramedics,3
Pre-,3
facepiece,3
reviewing,3
agenda,3
unions,3
Connecting,3
dots,3
innovations,3
Comfort,3
rules,3
responded,3
Administration,3
Veterans,3
postinfectious,3
Geographical,3
repercussions,3
country-wide,3
organizations,3
addressing,3
pre,3
socio-economic,3
heroes,3
Poor,3
unfavourable,3
Bafoussam,3
2001-2016,3
modulation,3
unique,3
Psychopathological,3
predict,3
tracheostomy,3
Hearing,3
80,3
somatic,3
landscape,3
fungus,3
recovering,3
contra,3
mechanism,3
validity,3
II,3
Proposing,3
Drivers,3
outlook,3
contexto,3
negativisation,3
must,3
Exposures,3
affiliated,3
Availability,3
long-COVID,3
compatible,3
worker-collected,3
educating,3
regard,3
foam,3
Safeguarding,3
polyester,3
Angeles,3
Behaviors,3
Los,3
event,3
Possible,3
core,3
drug,3
overdose,3
keyworkers,3
transversal,3
Farmer,3
down,3
Under,3
Antibody-mediated,3
psicoeducativos,3
self-harm,3
Editorial,3
manufacturing-on-demand,3
ante,3
refugee,3
Not,3
cualitativa,3
surplus,3
psycho-educational,3
happy,3
Distressed,3
sub-Saharan,3
To,3
presence,3
earnings,3
Benefits,3
creativity,3
sessions,3
arrangements,3
Adenovirus,3
RNA-based,3
mhealth,3
cues,3
Unmasking,3
values,3
truth,3
supported,3
Virus,3
Returning,3
Perspective,3
-infected,3
case–control,3
voice,3
organisations,3
genomic,3
Preparing,3
careworkers,3
2020-October,3
im,3
Why,3
really,3
"10,256",3
Ekiti,3
power,3
diminished,3
Epidemic,3
deterioration,3
point,3
refusal,3
staffing,2
non-payment,2
Spaniard,2
equitable,2
commitment,2
operation,2
ChAdOx1nCoV-19,2
CHECK,2
ship,2
belongings,2
cruise,2
men,2
exacerbates,2
healthcare-worker,2
midwives,2
t,2
phylogenomics,2
enclosed,2
actual,2
cashiers,2
duties,2
cooks,2
Clinicians,2
Heroes,2
Serosurvey,2
problem-solving,2
una,2
real,2
Controlling,2
execution,2
way,2
knowledge-workers,2
enough—A,2
depersonalization,2
contribute,2
CHWs,2
homecare,2
Helsinki,2
failure,2
caregiving,2
wages,2
fourteen,2
31,2
Clinics,2
Observations,2
QCA,2
hopelessness,2
Substance,2
precede,2
Homemade,2
pre-service,2
symptom-free,2
elicited,2
notifications,2
trend,2
Ethnic,2
Panel,2
significant,2
Influenza-like,2
resuscitation,2
thirty,2
expert,2
Policing,2
14-month,2
Cultural,2
accounts,2
owners,2
COVAT,2
Variant,2
Faroe,2
Finnish,2
occurred,2
overdue,2
Specific,2
Fragile,2
servant,2
workercentric,2
decay,2
Silver,2
independent,2
Tracker,2
HEpiTracker,2
haemodialysis,2
navigators,2
track,2
linings,2
Impflicht,2
instigate,2
Region-Cameroon,2
workers-a,2
handed,2
wage,2
adoption,2
coverings,2
Jodhpur,2
mixed-method,2
empty,2
Dermatological,2
corporation,2
Mitigating,2
florida,2
Nature,2
There,2
Reinfection,2
Street-level,2
biomedical,2
CoViD-19,2
marker,2
bienestar,2
Alteraciones,2
13,2
bureaucracy,2
villain,2
rational,2
Dorado,2
culturally,2
Career,2
vax,2
suite,2
angiographic,2
Milano,2
Author,2
"1,573",2
now,2
reflect,2
equation,2
May-August,2
sent,2
síntomas,2
Rossii,2
rezul'taty,2
Bristol,2
internet-oprosa,2
participaron,2
routine,2
phenomenological,2
mexicanos,2
myself,2
postraumático,2
cloth,2
non-local,2
cannula,2
aerosols,2
Over,2
hoc,2
today,2
radiologists,2
RECOVER,2
hospital-wide,2
edge,2
1970s,2
Then,2
Karachi,2
epidemic-related,2
warning,2
Regular,2
Rome,2
Kastamonu,2
Mapping,2
allied,2
nation,2
propensity,2
microorganisms,2
radiation,2
Studying,2
front‐line,2
fitness,2
Guji,2
"123,768",2
SEROCOV,2
cost-efficient,2
radio,2
profiling,2
disasters,2
your,2
under-recognized,2
pragmatic,2
sex-workers,2
simple,2
spirit,2
sistemática/,2
CoV,2
demographics,2
holistic,2
HyPE,2
prophylaxis-related,2
Communications,2
tracheal,2
Behavioral,2
possible,2
metal,2
AZD1222/Covishield,2
Residential,2
Airport,2
Catalonia,2
Sinovac,2
collate,2
driver,2
ALADDIN,2
governmental,2
unidades,2
Zone,2
844,2
10.1038/s41467-021-21111-9,2
officers,2
interim,2
avoidance,2
más,2
simulation-based,2
importantes,2
Europa./,2
multi-professional,2
high-consequence,2
8817,2
provision,2
march,2
postcolonial,2
governments,2
engaged,2
Çalisanlarinda,2
argument,2
analogy,2
decolonize,2
Intervention,2
respectful,2
Nonfarmworker,2
serosurveillance,2
rebuild,2
civilization,2
1947,2
hosting,2
Covishield™,2
campaigns,2
aggression,2
consequence,2
materiais,2
protección,2
multi-method,2
Critical,2
Cyprus,2
drives,2
Seroprevalencia,2
cooperativas,2
diarreia,2
respiratórias,2
doenças,2
associados,2
monográfico,2
pediátrico,2
fatores,2
trabalhadoras,2
Henan,2
select,2
reanalysis,2
sustainability,2
patient-collected,2
emocional,2
focos,2
circulation,2
9,2
cleaning,2
G,2
readiness,2
Prince,2
debate,2
recruit,2
administrative,2
friends,2
French-speaking,2
authorize,2
coastal,2
Armed,2
ICA,2
aerial,2
Sustainable,2
respond,2
internet,2
territory,2
extension,2
Equipping,2
occupied,2
self-help,2
objective,2
statistics,2
Forces,2
equivalent,2
Sultan,2
Military,2
immune-mediated,2
emerges,2
Kisisel,2
ethics,2
anaesthesia,2
Latina,2
Encountering,2
medically,2
dimension,2
Koruyucu,2
Taking,2
Serum,2
antenatal,2
fair,2
mobile-based,2
scar,2
matching,2
unethical,2
Lesotho,2
KSA,2
Zimbabwean,2
deep,2
Jilin,2
hazard,2
self-compassion,2
leveraging,2
precursors,2
participating,2
BNT162B2,2
uma,2
Trabalhadoras,2
work/,2
Protection,2
Multidimensional,2
Stopping,2
America/,2
virtuales,2
model-based,2
Seroepidemiology,2
dressing,2
Properly,2
recruiting,2
gujarat,2
ahmedabad,2
medizinischen,2
remunerating,2
canadian,2
Attacks,2
Avoiding,2
specialized,2
Ataque,2
análise,2
sociológica,2
balance,2
vaccination-,2
MoPDis,2
Greek,2
airport,2
viruses,2
extortion,2
Correct,2
Islands,2
Arbeitnehmer,2
contagiousness,2
Vaccine-induced,2
circuit,2
partnership,2
infecting,2
libraries,2
33,2
practicing,2
Latinoamérica,2
in-hospital,2
postural,2
Sex-associated,2
"2,435",2
receipt,2
Bereich,2
recicláveis,2
ChAdOx1-nCOV,2
Changing,2
complications,2
Hospital-Wide,2
Fukushima,2
managerial,2
2011,2
work-from-home,2
immunosuppressed,2
inventory,2
nuclear,2
Relationships,2
accident,2
Compensation,2
rescue,2
cardiac,2
Gazi,2
professionalisation,2
2013./,2
estudo,2
Onset,2
cidade,2
Geneva,2
Unveiling,2
bipolar,2
tertially,2
physician,2
documents,2
position,2
proximity,2
resiliency,2
Split,2
triple-vaccinated,2
Cuidado,2
Invisible,2
Albania,2
Roll-out,2
implementación,2
Brescia,2
Guangzhou,2
reservations,2
Program,2
Salgini,2
cases/,2
lung,2
COV,2
agent-based,2
delayed,2
harm,2
ventilator,2
sesiones,2
telecommute,2
atención,2
Holland,2
átesettek,2
periodikus,2
fruit,2
craft,2
monitorizálási,2
Objective,2
promote,2
lehetosége,2
antitest,2
Inactive,2
Lockdown,2
elucidate,2
drinking,2
strengthen,2
e-learning,2
heat-not-burn,2
manual,2
alapú,2
user,2
gyorstesztekkel,2
személyzet,2
detecting,2
owned,2
Government,2
comorbidities,2
vegetable,2
augmented,2
COVID-19-era,2
már,2
Korean,2
childbirth,2
Containment,2
meta-synthesis,2
at-home,2
perinatal,2
COVID-19-betegek,2
diversity,2
set,2
throughout,2
Expectations,2
beaten,2
Aerosol,2
prisional,2
applicability,2
expressed,2
sorológica,2
executives,2
tünetmentes,2
hordozók,2
delaying,2
prison,2
Employer,2
self-administered,2
betegségen,2
follow‐up,2
körében,2
1637,2
Precaution,2
Spatiotemporal,2
Sheba,2
defense,2
Paradoxical,2
Outbreaks,2
Reproduction,2
Need,2
psychosomatic,2
Accountability,2
Receiving,2
low-skilled,2
visual,2
geographies,2
Chilean,2
guatemala,2
campaing,2
non-medical,2
high-throughput,2
covid19,2
Worries,2
mortuary,2
ve,2
India—A,2
mindfulness-based,2
Randomised,2
23,2
Gastroenterology,2
Importance,2
MA,2
dead,2
poorest,2
6000,2
fully,2
Human-centered,2
Ukraine,2
SARS-CoV-2-járvány,2
idején./,2
achieving,2
various,2
closer,2
Malaria,2
co-designed,2
Tayside,2
Compassion,2
sporting,2
Demonstration,2
decency,2
Short,2
canton,2
reason,2
15-month,2
tiempos,2
experience-based,2
'Code-95,2
defusing,2
pandemii,2
Fitness,2
assistive,2
REACT-2,2
usability,2
Recommendations,2
2022,2
Crescent,2
Ivermectin,2
SARS-CoV-2-antibody,2
Chemoprophylaxis,2
ethico-legal,2
Sputnik,2
coworkers,2
neuropsychiatric,2
7,2
Red,2
Beurteilung,2
Nanjing,2
Combating,2
Curitiba,2
140,2
perioperative,2
anesthesia,2
Guidance,2
meta-regression,2
passports,2
suggested,2
materials,2
volunteer,2
quality-of-life,2
3-month,2
observe,2
episode,2
since,2
scope,2
»,2
«,2
Dutch,2
lose-lose,2
dilemmas,2
Coping,2
Nicaragua,2
Transition,2
observations,2
exercises,2
Media,2
asylum,2
seekers,2
knowledge-based,2
desk,2
Morocco,2
2018,2
discharge,2
shelter-at-home,2
8679,2
fit,2
inpatients,2
low-suspicion,2
Growth,2
Occurrence,2
Wellbeing,2
stressed,2
More,2
Interdisciplinary,2
2018/19,2
Ad26.COV2,2
Networkers,2
Sociological,2
homologous,2
received,2
watchmen,2
Watching,2
reasons,2
Strong,2
gynecology,2
four-wave,2
Implementación,2
Asir,2
ethnography,2
video-reflexive,2
narcissism,2
Tor,2
Vergata,2
required,2
anxious,2
Depressed,2
estimates,2
medizinisches,2
naïve,2
Sinai,2
Mount,2
exception,2
farmers,2
freedoms,2
Hesitancy,2
genome,2
Infektionsrisikos,2
durch,2
discovered,2
Erkenntnisse,2
Journal,2
aus,2
3b,2
Ad26.CoV2.S,2
der,2
Prioritising,2
2018–2019,2
Caribbean,2
Praxis,2
Incidentally,2
BBV152,2
hospitalizations,2
treatment-seeking,2
Video,2
Optimising,2
lost,2
Agricultural,2
prolongation,2
QTc,2
any,2
look,2
reporting,2
Séroprévalence,2
anticorps,2
aimed,2
co-design,2
post-exposure,2
Maoto,2
parmi,2
voyageurs,2
travailleurs,2
accessing,2
dépistés,2
clinique,2
l´Est,2
République,2
humor,2
Démocratique,2
du,2
ontological,2
mai,2
strategic,2
Infectivity,2
cemetery,2
August,2
Predicting,2
appraise,2
war,2
hood,2
non-dental,2
dentists,2
Mild,2
Algorithmic,2
kidney,2
cold-chain,2
Deep,2
alcohol-based,2
web,2
vein,2
thrombosis,2
rubs,2
optimization,2
gowns,2
risk-adapted,2
smartphones,2
"3,078",2
neutralising,2
travellers,2
764,2
Moderna,2
tendency,2
août,2
disproportionately,2
Hispanic,2
DSMO,2
sulfoxide,2
dimethyl,2
travel,2
convenience,2
Bari,2
HydrOxychloroquine,2
immunological,2
Prophylaxis,2
HOPE,2
Apulia,2
Features,2
Otsenka,2
whole-genome,2
hours,2
psikhicheskogo,2
asthma,2
microbial,2
malaysian,2
inicial,2
etapa,2
zdorov'ya,2
meditsinskikh,2
plena,2
rabotnikov,2
ethanol,2
happened,2
patients—a,2
1124,2
post‐traumatic,2
snapshot,2
Reducing,2
pandemic-affected,2
ambulatory,2
risk-taking,2
nanotechnology,2
Immunoglobin,2
lines,2
choice,2
CanSino,2
survived,2
seasons,2
Adv5-nCoV,2
March-December,2
re-vaccination,2
tragedies,2
anti-PF4/polyanion,2
anti-epidemic,2
20-month,2
Chronic,2
contaminations,2
lionizing,2
REinfection,2
vivo,2
preexposure,2
Pathogenesis-based,2
participated,2
connectedness,2
affective,2
Less,2
Isolation,2
Rwanda,2
MMR,2
Nouakchott-Mauritanie,2
santé,2
IPC,2
une,2
discriminations,2
Recent,2
sérologique,2
Dépistage,2
Nouakchott-Mauritania,2
Sexuality,2
lifting,2
mini-industrial,2
winter,2
holiday,2
Distressing,2
Villa,2
Panamericana,2
cooperation,2
Nasarawa,2
minimise,2
Operative,2
atendimento,2
assisting,2
tertiary-level,2
preparing,2
reading,2
RMG,2
readymade,2
carer,2
rigorously,2
cluster-randomized,2
Tennessee,2
Insufficient,2
denial,2
in-depth,2
unplanned,2
corner,2
Cochrane,2
Split-Dalmatia,2
scalable,2
Helping,2
alpha,2
Daegu,2
non-severe,2
healthy,2
heterogeneous,2
spurt,2
tropical,2
Job-related,2
out-group,2
cinematic,2
nail,2
Accuracy,2
UK-RTC,2
ready-made,2
Monitor,2
AbC-19,2
costs,2
strikes,2
transformation,2
budgetary,2
budget,2
distractions,2
Food,2
18-31,2
nanoparticles,2
Prefecture,2
Iwate,2
place,2
non-epidemic,2
Orthogonal,2
vitro,2
bank,2
In-group,2
passport,2
Leaving,2
silver,2
market-reach,2
becoming,2
task-sharing,2
seromonitoring,2
died,2
Safer,2
200,2
ways,2
geriatric,2
gargle,2
User,2
Liberia,2
maintain,2
contexts,2
Lay,2
frail,2
Minnesota,2
multicountry,2
Houston,2
shared,2
Concise,2
aspirating,2
perceiving,2
Brief,2
salon,2
smartphone,2
confessions,2
cross-over,2
Very,2
non-permanent,2
coal,2
questionnaire-based,2
Supervisor,2
warriors,2
Good,2
Remittance,2
alpha-2b,2
interferon,2
Office,2
self-employed,2
non-standard,2
spain,2
Carriage,2
turkey,2
street,2
ansiedad,2
depresión,2
titre,2
Spike,2
AZD1222,2
ESBL-producing,2
Metropolis,2
Southwestern,2
Enterobacterales,2
elastomeric,2
plant,2
room,2
operating,2
AWARE,2
respondent-driven,2
innovative,2
Tamil,2
Nadu,2
opportunity,2
dying,2
space,2
undeclared,2
Offering,2
Boundary,2
Balance,2
substances,2
employee,2
categories,2
software,2
Kisumu,2
AgRDT,2
Prophylactic,2
lock,2
intake,2
reverse,2
combined,2
union,2
legislation,2
passengers,2
metro,2
particles,2
aging,2
cross-section,2
titres,2
Anti-SARS-CoV-2-Spike,2
Anti-spike,2
heat,2
Northeast,2
Employment,2
middle-aged,2
communicable,2
Professionals,2
facility-based,2
Times,2
Conditions,2
Framework,2
diagnose-specific,2
South-Eastern,2
Self-protection,2
Nightingale,2
Triggers,2
breast,2
medication,2
UK-based,2
discursive,2
consumer,2
telerehabilitation,2
gas,2
parental,2
upper,2
Undocumented,2
Eye,2
childhood,2
make,2
shiftworkers,2
circadian,2
compromised,2
"7,014",2
Host,2
employing,2
Significant,2
Residents,2
eyes,2
old,2
claims,2
multiple,2
conceptual,2
headaches,2
Palembang,2
plight,2
12.5,2
birth,2
caseworkers,2
matter,2
phone,2
physicians,2
Wathupitiwala,2
predicting,2
Base,2
Pulogadung,2
pandemi,2
Emotion,2
platforms,2
anthropological,2
livestock,2
Integrating,2
Iraq,2
Bacterial,2
Hyderabad,2
Measurement,2
Machine,2
post-vaccinated,2
two-wave,2
outside,2
Rotational,2
socio-cognitive-behavioural,2
259,2
phenomic,2
explored,2
South-Western,2
implication,2
interplay,2
freedom,2
well,2
rumors,2
Confidence,2
SAVE-9,2
Epidemics-9,2
devices,2
Death,2
connectivity,2
constant,2
ICU,2
representatives,2
transit,2
Determining,2
centres,2
italian,2
Population-level,2
Labor,2
obligations,2
pada,2
Platform,2
"12,431",2
housework,2
WhatsApp,2
INT,2
Individual,2
worker-taken,2
self-taken,2
Motivators,2
It,2
disciplines,2
racial,2
1-2,2
Spread,2
moderator,2
profession,2
Pascale,2
IRCCS,2
S,2
spent,2
anti,2
Pfizer/BioNTech,2
even,2
employers,2
covid-19/,2
máscaras,2
uso,2
Virological,2
overseas,2
Chitwan,2
retention,2
work-family,2
Serial,2
Bantul,2
deployment,2
Countries,2
machine,2
OpenSAFELY,2
uncertainty-related,2
registry,2
nation-wide,2
S1,2
HERO-HCQ,2
placebo-controlled,2
capital,2
europe,2
governorate,2
former,2
prescribing,2
recent,2
Meter,2
anti-vaxxers,2
Likelihood,2
decontamination,2
EU,2
@,2
mediate,2
welding,2
clothing,2
U-shaped,2
indonesia,2
Setting,2
Birthing,2
Operating,2
Uttar,2
Serosurveillance,2
navigate,2
scale-up,2
universities,2
Capacity,2
focused,2
forward,2
Clinicogenomic,2
furloughed,2
consumption,2
Ad26.COV2.S,2
Mediating,2
styles,2
depressão,2
victim,2
ansiedade,2
estresse,2
sero,2
treated,2
eating,2
Case-Control,2
subclinical,2
Durability,2
section,2
article,2
Original,2
Sero-Prevalence,2
dispersion,2
Time-analysis,2
regime,2
Validity,2
indonesian,2
Non-participation,2
exclusive,2
Mixed,2
conflict-affected,2
storm,2
PROTECT,2
Enhancement,2
Readiness,2
Canal,2
altruistic,2
2013,2
material,2
recyclable,2
diarrhea,2
Isfahan,2
steps,2
networks,2
necessary,2
south-western,2
west,2
sydrome-coronavirus,2
Domestic,2
non-inferiority,2
label,2
Instagram,2
59,2
live,2
indrawing,2
tour,2
pesticide-exposed,2
genes,2
XRCC1,2
OGG1,2
Suez,2
Affordable,2
Schooling,2
crop,2
Orientation,2
Attribution,2
Moderating,2
Citizenship,2
Incivility,2
Fault,2
Latino,2
organ,2
organization,2
Myrmicinae,2
Formicidae,2
Pheidole,2
Neotropical,2
thoracic,2
navigation,2
anti-COVID-19,2
request,2
nonphysician,2
transplant,2
outbreak-A,2
imbalances,2
renal,2
husband,2
guilt,2
Vorarlberg,2
Austrian,2
expectations,2
ideal,2
nucleotide,2
moderation,2
Through,2
Journalistic,2
Sexual,2
low-middle,2
Approaches,2
IPV,2
computer-based,2
strength-building,2
stretching,2
Street-based,2
Great,2
insight,2
agency,2
Of,2
Slovenian,2
discourses,2
linked,2
Anosmia,2
L'Aquila,2
buccal,2
exfoliated,2
precarities,2
genotoxic,2
effort–reward,2
Post,2
safer,2
require,2
inconsistency,2
Mistrust,2
Andhra,2
Crowdworkers,2
Vancouver,2
Financial,2
battery,2
profiles,2
ENT,2
hybridisation,2
situ,2
volunteer-based,2
Lassa,2
fluorescence,2
coupled,2
comet,2
alkaline,2
biochemical,2
tile,2
ceramic,2
Biomonitoring,2
outdoor,2
transitioning,2
Estonian,2
Equity,2
Power,2
CDC,2
MH,2
relations,2
ready,2
accidents,2
Malta,2
companies,2
reopening,2
school-attending,2
Guilt,2
enterprises1,2
account,2
benevolence,2
condom,2
consistent,2
Sustaining,2
intersections,2
Nairobi,2
anthropometric,2
self-report,2
rigorous,2
MTurk,2
Amazon,2
Eating,2
sentiment,2
influenced,2
CEO,2
long-distance,2
firm,2
provincial,2
RT-PCR-based,2
false,2
non-infectious,2
self-contamination,2
Laboratory,2
Investigations,2
ants,2
queen,2
Rhopalomastix,2
Melissotarsus,2
glands,2
Physiological,2
kills,2
Silk,2
TMI,2
displaced,2
ophthalmologists,2
Suppression,2
'hidden,2
blue-collar,2
recurrence,2
Hungary,2
lens,2
finding,2
Trauma,2
competence,2
science,2
Translating,2
silica-exposed,2
cares,2
meta-analytical,2
Genetic,2
examinations,2
consent,2
Pilot,2
Home-based,2
prisoners,2
31st,2
until,2
best-fit,2
recessions,2
programmes,2
white-collar,2
leg,2
tunnelling,2
Tackling,2
Societies,2
Hands,2
Microbial,2
Soil,2
Reduce,2
Sanitizer,2
Alcohol-Based,2
Handwashing,2
Both,2
hospital-,2
varicella,2
Solnica,2
themselves,2
obligated,2
Oncologic,2
But,2
Neck,2
Head,2
Federation,2
non-COVID-designated,2
offices,2
COVID‑19,2
-observational,2
mHealth,2
phones,2
2010-2014,2
Shipping,2
multi-study,2
charge,2
Harvest,2
Produce,2
Glandular,2
Always,2
chemical,2
description,2
applications,2
diabetes,2
homeworkers,2
presented,2
Therapists,2
join,2
Americans,2
enforcing,2
Economos,2
Jeannie,2
Interview,2
Farmworkers-Always,2
Type,2
Xylem,2
price,2
Fast-track,2
omethoate-exposed,2
cholinesterase,2
miRNA,2
cognition,2
eclampsia,2
pre-eclampsia,2
anticonvulsant,2
antihypertensive,2
pharmacy,2
Matters,2
Healthworker,2
Khayelitsha,2
endless,2
Izmir,2
gli,2
per,2
hotel,2
protezione,2
Niger,2
Preto,2
add-on,2
coronary,2
dispositivi,2
biologico,2
unparalleled,2
struggle,2
existence,2
Rischio,2
survival,2
public-national,2
life-threatening,2
attributable,2
Elevated,2
only,2
east,2
alarm,2
sense,2
operatori,2
sanitari,2
Instituto,2
Programme-Rashtriya,2
che,2
pandemica,2
wet,2
fase,2
Capital,2
River,2
Pfizer/Biontech,2
college,2
Suicidal,2
Adolescent,2
Kishor,2
Mexicano,2
nella,2
Swasthya,2
assistenziali,2
Karyakram,2
Sedentary,2
Asian-Pacific,2
Castilla,2
uncertainty,2
Ribeirão,2
Seguro,2
identified,2
dengue,2
doveva,2
ahead,2
At,2
Medan,2
england,2
bat,2
non-hospitalised,2
continuity,2
fish,2
Descriptive,2
3rd,2
sure,2
self,2
OPMT,2
Tracing,2
Immokalee,2
2-in-1,2
Oropharyngeal,2
Bilateral,2
proportion,2
same,2
multicentric,2
carry,2
Mid-Turbinate,2
non-treating,2
originate,2
regularly,2
SARS-Coronavirus-2,2
Decreased,2
techniques,2
Indicadores,2
gastroenterological,2
repatriating,2
sound,2
organisational,2
Implication,2
inductive-abductive,2
nepal,2
lot.,2
promoting,2
deployed,2
Era,2
PEER,2
mothers,2
mother,2
Landscape,2
displacement,2
Palma,2
Health-related,2
conservation,2
Geo-temporal,2
Health-seeking,2
prima,2
Inspectorate,2
essere,2
'We,2
EL-Raghy,2
transdisciplinary,2
experts,2
uninfected,2
effectively,2
just,2
Three,2
yourself,2
Reaction,2
learnings,2
happen,2
Polymerase,2
metabolic,2
Transcription,2
seguridad,2
Reverse,2
March-September,2
witnessing,2
bioéticas,2
Katsina,2
comunitário,2
Galicia,2
statutory,2
protracted,2
Memorial,2
Gung,2
Rioja,2
Multicenter,2
transition,2
PASS,2
Covid-19/,2
Assiut,2
scrutinizing,2
decision-making,2
Chang,2
Linkou,2
mucous,2
Keeping,2
Organisational,2
paciente,2
processo,2
Learnings,2
reflexões,2
Pooled-Testing,2
Vinculando,2
counselling,2
short-time,2
Consensus,2
entry,2
Healthcare-workers,2
Decreasing,2
3109,2
Pfizer,2
evitato,2
sputnik,2
Making,2
prevaccine,2
con,2
census,2
GDP,2
Mobilizing,2
together,2
hidden,2
find,2
now-,2
forecasting,2
numbers,2
indoor,2
nutrition,2
Yale,2
surveillance-working,2
Algeria,2
Nucleocapsid,2
authorities,2
Agente,2
Hardiness,2
war-torn,2
Collaboration,2
coordinators,2
Facility,2
COVID-2019,2
others,2
Analysing,2
serving,2
oligo/asymptomatic,2
Course,2
ulcers,2
elicit,2
PSIMCOV,2
non-government,2
CovaxinTM,1
CovishieldTM,1
Supportive,1
detector,1
engineering,1
person-centered,1
deepening,1
earners,1
PsyCOVID-ICU,1
Immunoglobulin,1
Ig,1
hospital-Tabuk,1
pathways,1
computing,1
toxicity,1
recommended,1
substitution,1
starting,1
'The,1
green,1
ICRSE,1
original,1
FPS,1
abridged,1
Entrepreneurial,1
Titre,1
substudy,1
motivate,1
investigations,1
countermeasures,1
Amapá,1
2007-2017,1
Inequalities,1
Past,1
"1,400-bed",1
work–family,1
excess,1
Patient-collected,1
Antecedents,1
tongue,1
mid-turbinate,1
yield,1
lactating,1
milk,1
water,1
Coronovirus,1
Neonatal,1
Diagnosing,1
asymmetric,1
northeastern,1
＜Editors,1
Choice＞,1
lectures,1
text,1
reduces,1
non-epicenter,1
newer,1
Oregon,1
Providence,1
AIDS,1
polio,1
addiction,1
ignored,1
4378,1
Skin-related,1
low-and-middle-income,1
roving,1
auto,1
HBV,1
Persisting,1
chemosensory,1
impairments,1
366,1
11-month,1
Preferences,1
hearing,1
noise,1
surface,1
CopeNYP,1
integrate,1
assist,1
mentor,1
chaos,1
Watermark,1
Kermanshah,1
adversity,1
demands-resources,1
mobile‐based,1
high-volume,1
Enhanced,1
somebody,1
Capability,1
dignity,1
donates,1
LMIC,1
incarcerated,1
narratives,1
mobilize,1
first-person,1
Experimental,1
controversy,1
epidemiologic,1
put,1
soil,1
armour,1
Fiji,1
nigeria,1
Togo,1
gives,1
ontology-,1
farmworker,1
consume,1
minimising,1
fruits,1
undernourished,1
missed,1
metropolis,1
SARS‐CoV2,1
contextual,1
care-associated,1
CKD,1
resulting,1
Low-wage,1
1603P,1
sequences,1
Kisoro,1
south-east,1
enugu,1
farmworker-serving,1
Expendable,1
2017/18,1
county,1
2019/20,1
prisons,1
Live,1
left,1
die,1
Deregulated,1
production,1
apparel,1
producing,1
Busia,1
breastfeeding,1
Alpha,1
lineage,1
Nepal-a,1
interact,1
grounded,1
Health-promoting,1
canopy,1
trainings,1
shadow,1
schedules,1
Mayotte,1
competing,1
moisture,1
community-health-worker,1
blaring,1
Remaking,1
populism,1
Joaquin,1
forty‐one,1
Normandy,1
Sharps,1
engagements,1
splash,1
Incentives,1
remuneration,1
Governance,1
consensus,1
replacing,1
powdered,1
powder-free,1
hand-hygiene,1
Advanced,1
Delegation,1
Non-Farmworker,1
1347,1
Stressful,1
induce,1
gut,1
microbiota,1
home-talk,1
dysbiosis,1
non-vaccinated,1
attract,1
retain,1
boy,1
ABO,1
painting,1
Thanking,1
Academy,1
non-registered,1
heard,1
Azerbaijan,1
evidence-based,1
frameworks,1
talks,1
Trial,1
quick,1
100+,1
felt,1
ragged,1
Conscientious,1
Running,1
2011-2012,1
2019-2020,1
Tailoring,1
obligation,1
Immunization,1
round,1
Silte,1
epicentres,1
Audit,1
Programmes,1
TIP,1
laughed,1
Belongingness,1
Cross‐cultural,1
maritime,1
Feedback,1
Insecticide-treated,1
Indo-Pacific,1
serial,1
Between,1
Neighbor,1
ethnographic,1
Existing,1
volunteering,1
ministry,1
organic,1
standing,1
Pwojé,1
Bon,1
Vwazen,1
Haiti,1
serosurveys,1
Asthma,1
destructive,1
Gaps,1
gynaecology-,1
Save,1
saviour,1
Advancing,1
delays,1
product,1
net,1
Vulnerabilities,1
Chyawanprash,1
Variable,1
demonstrated,1
resuspension,1
Other,1
Situation,1
Panbioâ¢,1
Mineworkers,1
Volume,1
107728,1
psychosexual,1
Seeing,1
autistic,1
trees,1
exalted,1
devalued,1
Hazards,1
Accumulation,1
Pacific,1
clothes,1
cider,1
returns,1
Paradigm,1
RNA-positive,1
unequal,1
Inside,1
antiretroviral,1
Home-Based,1
Interference,1
Interrole,1
Whom,1
Squeezing,1
suppliers,1
Pneumococcal,1
shipyard,1
unmasking,1
Tijuana,1
anti-covid,1
immunodeficient,1
Breadth,1
trait,1
fishers,1
seafood,1
Xi,1
"44,000",1
distributions,1
infectiousness,1
Binding,1
automated,1
abnormalities,1
Birjand,1
Self-Determined…,1
Flexible,1
insula,1
implicit,1
stereotypes,1
Sheffield,1
17,1
e-health,1
tutorial,1
Mahdia,1
Tunisian,1
going,1
anywhere,1
adolescent,1
tranquil,1
relaxation,1
Initiatives,1
invisibility,1
InStrat,1
remedies,1
wageworkers,1
overcoming,1
interventional,1
Covaxin,1
AZD-1222,1
theoretical,1
Evolution,1
followed,1
Somatic,1
truck,1
Karoshi,1
prodromes,1
donations,1
massive,1
acquisitions,1
anti‐PF4/polyanion,1
domains,1
Unhealthy,1
Contrasting,1
epistemological,1
injustice,1
utilizing,1
attestation,1
helps,1
Empirical,1
Periodontology,1
Implantology,1
SIdP,1
implement,1
case-finding,1
dosing,1
Roles,1
antisepsis,1
Referral,1
Ondo,1
bacteria,1
fungi,1
Owo,1
CAS,1
Salvador,1
broadcast,1
tasks,1
four‐wave,1
peroxide,1
inspired,1
dolutegravir,1
fractional,1
drug–drug,1
signpost,1
suitable,1
accommodations,1
attributes,1
Guadeloupe,1
Cognitive,1
two-dose,1
hydrogen,1
interval,1
adapting,1
attention,1
Thirty‐day,1
IMPPAC,1
elsewhere,1
location,1
telework,1
inPoland,1
Italy–,1
Update,1
28th,1
examines,1
adjusting,1
religiosity,1
4324,1
Medicine,1
long‐term,1
Turnover,1
Keyworker,1
enhancement,1
psychosis,1
feasibility/acceptability,1
Further,1
adaptations,1
observation,1
southwestern,1
roof,1
Traumatic,1
anti-CoV-2,1
tick-borne,1
encephalitis,1
proposed,1
Thematic,1
P227,1
Cystic,1
fibrosis,1
cardiorespiratory,1
MENA,1
Humanitarian,1
relates,1
Socioeconomic,1
Leadership,1
Zurich,1
Diploma,1
Eight,1
locations,1
January–September,1
psychometric,1
suspension,1
HERO,1
public-health,1
colleges,1
misbehavior,1
SARS-CoV-2–positive,1
free,1
IgG-positive,1
acceleration,1
trimeric,1
Abstract,1
gender-related,1
supermarket,1
Detrimental,1
unrestricted,1
Istanbul,1
Gap,1
Disorder,1
Second,1
progressive,1
Non-afflicted,1
pathogenic,1
bioaerosols,1
afflicted,1
aeration,1
modes,1
Pandemic-,1
Heath,1
Moroccan,1
biomarker,1
cortisone,1
P2/N95,1
responsiveness,1
non-partner,1
Seen,1
Free,1
creating,1
Chicago,1
Napping,1
crossover,1
T‐cell,1
cross‐reactive,1
Recognizing,1
portuguese,1
carework,1
QuantiFERON,1
Interferon-ɣ,1
release,1
vacunal,1
Worker,1
workdays,1
Respuesta,1
nCOV-19,1
went,1
9-year,1
rape,1
Salivary,1
vertigo,1
worn,1
prevented,1
waning,1
"82,959",1
olds,1
useful,1
SARS-CoV-2-infected,1
vestibular,1
excluding,1
positional,1
Regulatory,1
community-centric,1
theater,1
capitalist,1
harms,1
Recession,1
particularly,1
added-worker,1
65-74,1
salient,1
improbable,1
Equitable,1
crafting,1
Hair,1
mindset,1
one-year,1
Aglomeracji,1
Górnoslaskiej,1
Prevalencia,1
serológica,1
penitenciario,1
drive‐through,1
Java,1
Disrupted,1
attributed,1
generations,1
Rivers,1
overtime,1
full‐time,1
Focusing,1
too,1
1182,1
performance-enhancing,1
cervical,1
Extreme,1
Dual,1
Recording,1
REACCH-Out,1
junior,1
medycznego,1
personelu,1
u,1
unpaid,1
complete,1
modulate,1
analysing,1
mouse,1
allergen-specific,1
nonallergic,1
animal-care,1
pre/post,1
anti‐SARS‐CoV‐2,1
appears,1
livelihoods,1
przeciw,1
aligning,1
stars,1
Upper,1
Silesia,1
tale,1
Czestosc,1
pozytywnych,1
wyników,1
testów,1
serologicznych,1
quaternary,1
doctor,1
Estimate,1
SH+,1
Bosnia,1
conditions—A,1
sub-study,1
reactive,1
S1-specific,1
Herzegovina,1
maltreatment,1
discordant,1
seven,1
reforms,1
First-line,1
trajectories,1
exists,1
leaving,1
tariff,1
non-specialists,1
reployment,1
wisdom,1
Ugahari,1
20,1
work-life-balance,1
shutdown,1
Srpska,1
12-month,1
Meta-Analysis,1
self-,1
Simultaneous,1
measurement,1
predominant,1
sway,1
phobia,1
Teleworking,1
TelEx,1
assurance,1
Japanese-version,1
Saliva,1
salary,1
"21,874",1
Designing,1
"35,229",1
Abbott,1
Architect,1
Roche,1
Elecsys,1
IgG/IgM,1
Applying,1
WHO-ICRC,1
BEC,1
Delay,1
scaled,1
Practical,1
makes,1
Multi-centre,1
post-implementation,1
antigen-based,1
Induction,1
Bulgarian,1
those,1
wishing,1
Keyworkers,1
client-led,1
combining,1
reproductive,1
SRH,1
FSWs,1
Côte,1
d,1
Ivoire,1
ANRS,1
12381,1
PRINCESSE,1
SARS-Co-V2,1
tobacco/nicotine,1
covishield,1
topics,1
PHISICC,1
paper-based,1
co-creating,1
linking,1
tips,1
adaptive,1
input,1
end-tidal,1
fire,1
maintaining,1
Centre,1
Federal,1
Respirators,1
histological,1
pre-employment,1
Researching,1
COVID‐arm,1
pre-deployment,1
informing,1
onhealthcare,1
low‐cost,1
persist,1
air‐purifying,1
low‐skilled,1
nowhere,1
coronavirus‐related,1
sanity,1
prevents,1
reviews,1
dropouts,1
heightens,1
coworking,1
Corrective,1
crossed,1
Multilevel,1
Indiana,1
projects,1
Extension,1
ECHO,1
Emojis,1
emoji,1
flexibility,1
GitHub,1
punitive,1
policing,1
REACH,1
end-demand,1
laws,1
im/migrant,1
readmission,1
discharged,1
robust,1
'silent,1
impaired,1
meta-analyzes,1
neighbouring,1
Union/European,1
psychoactive,1
Parisian,1
6.P,1
Round,1
table,1
Community-led,1
pandemic-,1
suicide,1
momentary,1
Ecological,1
Nordic,1
Self-prescribed,1
dose-dependent,1
eldercare,1
coworker,1
spaces,1
One-week,1
diary,1
Abia,1
Southeastern,1
decisions,1
Mathematical,1
Allocating,1
Falck,1
step,1
Rebooting,1
Dilla,1
lineage-related,1
Recruitment,1
historical,1
overestimates,1
Lahore,1
Abusive,1
Self,1
explain,1
quit,1
antecedents,1
Sufficient,1
meaning,1
second-line,1
COMET,1
Internal,1
Alzintan,1
Libya,1
additional,1
premises,1
links,1
top,1
January‐17,1
acupuncture,1
non-emergency,1
movements,1
PSQI,1
Dementia,1
ReDeSign,1
Reliability,1
Sixth,1
pregnancy-capable,1
formal,1
Shifting,1
Weight,1
native-born,1
Intermittent,1
Fasting,1
SWIFt,1
three-arm,1
weight,1
intended,1
obesity,1
antigenic,1
Rurally,1
rooted,1
cross-border,1
Myanmar,1
agrarian,1
hog,1
rural-urban,1
Chasing,1
outreach,1
laundering,1
2020–January,1
Tick,1
magnets,1
tick‐borne,1
uniform,1
forestry,1
non‐patient,1
comments,1
Continued,1
desires,1
serostatus,1
predominance,1
COVID‐19—systems,1
proactively,1
sub‐Saharan,1
Third,1
hemato-oncological,1
Sanitary,1
VIII,1
Buenos,1
Aires,1
1085,1
Company,1
Oil,1
Dominican,1
investments,1
MSM,1
Osun,1
OSPAQ,1
conformism,1
self‐leadership,1
self‐determination,1
Booster,1
anergic,1
Putting,1
Facilitating,1
Stressed,1
Flax,1
uncomfortable,1
–infected,1
neglected,1
comparable,1
if,1
interview-based,1
LFD,1
mass-testing,1
Contributing,1
Tanta,1
classical,1
Relational,1
item,1
vacciNe,1
Dairy,1
Vermont,1
low‐,1
Narratives,1
Guestworker,1
Necessary,1
real-life,1
immuno-virological,1
PerfectFit,1
Night,1
57,1
Yucatan,1
Overseas,1
vero,1
Primary‐level,1
almost,1
bear,1
target,1
saw,1
This,1
RENAISSANCE,1
REsponse,1
retirement-aged,1
Precarious,1
North-East,1
middle‐income,1
"3,700",1
averted,1
Mogadishu,1
Hispanic/Latino,1
US-Mexico,1
Border,1
Peracetic,1
Dire,1
Dawa,1
heated,1
distinct,1
June–November,1
Thrace,1
Flanders,1
confirm,1
20s,1
40s,1
Planning,1
partnerships,1
Offinso-North,1
805,1
AMADEUS,1
qualities,1
motives,1
correlate,1
Nudging,1
lack,1
conscientiousness,1
chromosome-aberration-specific,1
phenotype,1
V3,1
re-introducing,1
minimally,1
Flu,1
invasive,1
administrators,1
oesophago-gastric,1
Prescription,1
antibiotics,1
Personality,1
responders—A,1
Austria,1
Gastroenteritis,1
cardiogenic,1
shock,1
example,1
responsive,1
nonvolunteer,1
wounded,1
helper,1
ionizing,1
CD4,1
heath,1
P.0873,1
short,1
reSponSe,1
evAluatioN,1
Gripómetro,1
healthCare,1
2018–19,1
estimation,1
Bangalore,1
workErs,1
VIBRA,1
Gender-based,1
Values,1
Tehran,1
same-day,1
clinic-based,1
refill,1
proven,1
mild‐to‐moderate,1
became,1
December-January,1
textile,1
low-dose,1
Viable,1
propagation,1
PAP,1
Pericardial,1
Exploitation,1
overshadowed,1
Equipment,1
geographical,1
accessibility,1
posts,1
floating,1
Hymenoptera,1
Discrimination,1
Sergipe,1
Positivity,1
Santos,1
SP,1
Immunological,1
varying,1
-Co,1
AIIMS,1
V-2,1
Cresson,1
non-patient,1
Abysmal,1
Culture,1
Experienced,1
precariat,1
hands,1
Jammu,1
2006–2017,1
inject,1
Establishment,1
emergencies,1
COVID-19/severe,1
"11,884",1
diseases—a,1
CoV-CONTACT,1
High-risk,1
consciousness,1
malpractice,1
2020—Failure,1
Indoor,1
Accredited,1
Activists,1
Assam,1
self‐efficacy,1
psoriatic,1
biologics,1
real‐life,1
Apidae,1
postvaccination,1
convergent,1
favipiravir,1
myocardial,1
consultations,1
ChAdOx1-nCoV19,1
least,1
financing,1
COMVC-19,1
kinds,1
size,1
Jalgaon,1
BioTech/,1
comparisons,1
obstacles,1
efficient,1
Santiago,1
Work—Life,1
secret,1
differentiated,1
ingestion,1
foraging,1
Sustainability,1
two-stage,1
programming,1
foundry,1
paradoxical,1
"300,000",1
spreaders,1
carries,1
which,1
Work-Life,1
Provider,1
Foreign,1
37,1
visiting,1
charter,1
flights,1
evacuation,1
preexisting,1
workers–,1
Healthcare-acquired,1
community-acquired,1
humanizing,1
Homeworkers,1
Portraits,1
impatiens,1
broader,1
Profiles,1
health®,1
PRISMA-compliant,1
Bombus,1
gendered,1
dispossession,1
reproduction,1
difficulties,1
COVE-AL,1
leak,1
travelers,1
detergent,1
Blantyre,1
interrupted,1
refugee-hosting,1
hospital‐based,1
reorganisation,1
Neurophysiology,1
floral,1
opinion,1
temporal,1
Geo,1
rhythm,1
airline,1
cardiometabolic,1
rotating,1
LinkMM,1
Srinagar,1
deprived,1
Chandigarh,1
trainers,1
extended,1
micro-macro,1
compare,1
mandating,1
pre-vaccination,1
Correlates,1
Sibenik-Knin,1
ventilated,1
Homecare,1
nonessential,1
Nashville,1
Profiling,1
published,1
Cardio-Thoracic,1
Cairo,1
dominant,1
Postexposure,1
catching,1
Internet-based,1
Oral,1
insurance,1
reluctance,1
dissemination,1
sub-national,1
Council,1
March–July,1
Ramadan,1
Men,1
Asher,1
NEET,1
Re-Invent,1
border,1
multimorbidity,1
86,1
communications,1
jab,1
subsidized,1
Spirometry,1
workshop,1
ICUs,1
Decomposing,1
digitalization,1
Dataset,1
redeployment,1
non‐key,1
registry-based,1
sheets,1
vital,1
instrument,1
village,1
Mashhad,1
Quantification,1
Sciences,1
Four-month,1
Telecommuting,1
intensity,1
eight-month,1
Pericarditis,1
Allergic,1
directly,1
Wheel,1
Be,1
Used,1
Link,1
Mitigate,1
Related,1
systemized,1
Exacerbation,1
metacognition,1
internalizing,1
coronavirus‐2,1
cutaneous,1
Bluetooth,1
Energy,1
tags,1
quantify,1
Ghanaian,1
microbiological,1
web‐based,1
assessments,1
®,1
tertiary‐care,1
February-June,1
Pathologists,1
acid‐based,1
neutralisation,1
Derivation,1
adequate,1
rid,1
Jiangsu,1
"46,000",1
Accreditation,1
midwifery,1
qualified,1
Tolerability,1
WHIP,1
claim,1
Panama,1
handloom,1
needle,1
sticks,1
patents,1
would,1
floods,1
Cambodia,1
BRACE,1
processes,1
Web-based,1
If,1
N95/P2,1
unknowingly,1
half,1
Actions,1
crowd,1
telemedical,1
autism,1
spectrum,1
Leveraging,1
revised,1
"4,378",1
rank,1
self-awareness,1
Desires,1
Constraints,1
generalist,1
single-centered,1
generates,1
Italy—What,1
Incarcerated,1
Socialization,1
entrapment,1
CARD,1
Young,1
646,1
Inpatient,1
fieldworkers,1
Lesson,1
Selection,1
ROSE,1
friendship,1
Pediatric,1
noninfected,1
two‐dose,1
Shenzhen,1
setting—A,1
May–August,1
feasible,1
acceptable,1
effectiveness-implementation,1
Statistics,1
Upskilling,1
growing,1
realist,1
evidence-informed,1
FFP3,1
romantic,1
self-isolating,1
Work-based,1
neurofeedback,1
alpha-training,1
Apilot,1
Rebuilding,1
nature,1
scan,1
horizon,1
'have-nots,1
BAT,1
6P-approach,1
non-aerosols,1
boosted,1
mRNA-vaccination,1
disease‐2019,1
"2,015",1
strongly,1
racism,1
1-day,1
'haves,1
Fragmentation,1
NCOVID-2019,1
Bangkok,1
low-resource,1
Title,1
clinician-driven,1
Mobility,1
C.,1
distributing,1
burnetii,1
slaughterhouse,1
trustworthy,1
NIDUS‐professional,1
SARS-,1
NaDCC,1
Crimean-Congo,1
Navarre,1
May-December,1
Incidencia,1
laboral,1
según,1
actividad,1
económica,1
mayo­diciembre,1
self-injurious,1
late,1
executive,1
Personnel,1
whistleblower,1
confronted,1
CONSORT-compliant,1
heterologous,1
Exploration,1
periodontitis,1
universally,1
masked,1
Humidifier,1
sodium,1
tradable,1
successfully,1
THEIJID-D-21-01420R1,1
negative-pressure,1
2nd,1
membership,1
Exergaming,1
SIR,1
HELMET,1
Radiology,1
HEalthcare,1
Localised,1
Metrological,1
EnviromenT,1
MRI,1
"7,950",1
hemorrhagic,1
Community‐based,1
job‐related,1
non-intent,1
demographic,1
"101,048",1
Self-administration,1
gender-affirming,1
hormones,1
end-users,1
dichloroisocyanurate,1
theatre,1
valued,1
balanced,1
uncommon,1
Artificial,1
alertness,1
undergraduates,1
urgency,1
unpredictable,1
very,1
workloads,1
yoga,1
Amalgamated,1
Transit,1
ATU,1
Transport,1
Cardiovascular,1
TWU,1
workers—March–July,1
Impaired,1
Clinico-virological-epidemiological,1
anesthesiology,1
infrastructure,1
codes,1
rare,1
built,1
"16,158",1
placebo,1
fumarate/emtricitabine,1
Interruption,1
meals,1
raised,1
Scaling,1
sexually,1
Aboriginal,1
Torres,1
Strait,1
Islander,1
Immunity,1
vaccine-preventable,1
Discrepancy,1
disoproxil,1
frequent,1
eve,1
COVID‐19‐like,1
meditation,1
contribution,1
populace,1
Spirituality,1
whole,1
mindful,1
tenofovir,1
causes,1
proper,1
Commuting,1
exhaled,1
Narrative,1
IT,1
996,1
epidural,1
Regime,1
Chonburi,1
ambient,1
spinal,1
fumes,1
check-in,1
predominantly,1
COV-2,1
Doubt,1
store,1
grocery,1
occupation,1
Geospatial,1
QMRA,1
Sero-monitoring,1
touchscreens,1
posterior,1
parameters,1
Antigenic,1
Increase,1
Co-worker,1
sVNT,1
authorization,1
interpreting,1
positive/IgG,1
microfinance,1
HEalth,1
caRe,1
wOrkErS,1
HEROES,1
Maximising,1
Dissemination,1
seroconversions,1
E,1
Pollution,1
Bogota,1
origin,1
difference-in-differences,1
filipino,1
labelling,1
classification,1
Updating,1
convalescence,1
Barrier,1
enclosure,1
operated,1
gender-sensitive,1
irritant,1
specificity,1
Local,1
Ergonomic,1
400,1
camps,1
piloting,1
rumination,1
RE-AIM,1
procedure,1
2-month,1
Covaxin™,1
Stratification,1
low-resourced,1
appropriate,1
co-morbid,1
assign,1
language,1
suppression,1
Muslims,1
Iraqi,1
Kurdistan,1
isolated,1
allergic,1
Resources,1
NE,1
Trieste,1
mumps,1
nobody,1
siting,1
screen-based,1
hemostatic,1
eThekwini,1
2016–2020,1
buffer,1
Bekaa,1
Syrian,1
minute,1
fume,1
knows…,1
ill-being,1
Powered,1
Air-Purifying,1
Respirator,1
Work-related,1
-a,1
Gauteng,1
Tshwane,1
unprecedented,1
postpandemic,1
measles,1
Caveats,1
play,1
Code‐95,1
Figuring,1
typologies,1
COVID-19-designated,1
attention-deficit/hyperactivity,1
non-ICU,1
inexpensive,1
create,1
preserving,1
idle,1
reuse,1
stigma-discrimination,1
Lisbon,1
North-Eastern,1
admitted,1
retire,1
morally,1
distressing,1
workers-an,1
acceptance/hesitancy,1
91,1
self-select,1
commute,1
Composition,1
Entanglements,1
BTN161b2,1
adaption,1
retirement,1
1.M,1
COVID‐19‐era,1
COVID-19-present,1
Nightmares,1
professions,1
AgTech,1
Decline,1
Sars‐CoV‐2,1
6‐month,1
Was,1
obstetrical,1
Overcoming,1
Reply,1
Workshop,1
mismatch,1
EP11,1
sterilization,1
recommendation,1
UV,1
accessible,1
FFP-2,1
partially,1
Skills2Care,1
factors-centric,1
hazardous,1
specimen,1
augment,1
P.1.1,1
lacking,1
N501Y,1
consumers,1
dependent,1
mission,1
CLP,1
susceptible,1
Vocal,1
Private,1
self-perception,1
Astudy,1
regimeand,1
statement,1
FFP2,1
Standards-based,1
Makkah,1
mixtures,1
such,1
BBIBP-CORV,1
come,1
nucleocapsid,1
DBS,1
Fortaleza,1
immunised,1
discrete-choice,1
Manaus,1
SerumCovid,1
database,1
toxicology,1
discover,1
spatial,1
agglomerations,1
break,1
low-back,1
3-arm,1
Defending,1
urinary,1
Gamma,1
metabolites,1
polycyclic,1
aromatic,1
hydrocarbons,1
scenarios,1
apheresis,1
single‐center,1
interests,1
Quantifying,1
single-profile,1
stationed,1
assement,1
–A,1
looking,1
diseases-19,1
efficiency,1
Escala,1
preocupación,1
deterrents,1
peruano,1
Formal,1
improves,1
correlations,1
self-perceived,1
stock,1
federal,1
Sidiki,1
masyarakat,1
pasien,1
dan,1
tenaga,1
kesehatan,1
berdasarkan,1
teori,1
Umar,1
Zainal,1
Bringing,1
work-study,1
homemade,1
Extremely,1
accidental,1
recreational,1
hail,1
journalists,1
freelance,1
blurring,1
portable,1
Electronic,1
HEPA,1
Law,1
Communication,1
Rutgers,1
Foodora/Lieferando,1
masa,1
migran,1
pekerja,1
komunikasi,1
Grup,1
goes,1
student,1
Brunswick,1
Libraries-New,1
Dr.,1
Zones,1
Aba,1
Mass,1
hematological,1
oxide,1
nitric,1
latvia,1
tunisia,1
Binge,1
cultures,1
protests,1
Rethinking,1
granular,1
*,1
double,1
industries,1
microbiology,1
awaiting,1
clinicoepidemiological,1
Banten,1
Serang,1
handle,1
sf-36,1
Multi-centric,1
normalization,1
Intra–,1
inter–hospital,1
COVID–19,1
observing,1
glycoprotein,1
controversies,1
Enduring,1
kastamonu,1
Guest,1
client,1
Beta,1
hcw,1
circulating,1
brasileiras,1
universidades,1
estudantes,1
Ho,1
Chi,1
Minh,1
Participação,1
friendships,1
tomography,1
computed,1
Chest,1
Theme,1
diversities,1
baghdad,1
relationalities,1
Three-month,1
enfermería,1
Práctica,1
OFW,1
Hypertension,1
rheumatologists,1
crown,1
lies,1
Heavy,1
rheumatology,1
humid,1
mono-stationary,1
crossroads-the,1
Harari,1
Gam-COVID-Vac,1
Jugal,1
thematic,1
concurrent,1
just-in-time,1
asian,1
flourishing,1
mouth-dissolving,1
turmeric,1
Prática,1
enfermagem,1
deal,1
Kuala,1
seroepidemiologic,1
representative,1
helpfulness,1
Group,1
satisfy,1
exhausting,1
Dietary,1
headteacher,1
playworkers,1
Pune,1
self-identification,1
understands,1
'No,1
Bali,1
recession,1
hourly,1
becomes,1
good,1
letting,1
Municipal,1
Lumpur,1
lozenges,1
secure,1
high-reliability,1
mathematical,1
Teachers,1
n95,1
ffp,1
ppe,1
oxygenation,1
extracorporeal,1
designing,1
self-assessment,1
syndromes,1
retrieval,1
queuing,1
base,1
contre,1
economics,1
smart,1
In-Situ,1
Matsue,1
Psychiatry,1
WITHDRAWN,1
Efforts,1
coronavirus-19,1
workgroup,1
ergonomic,1
indian,1
technological,1
liability,1
revisited,1
Knowledge-based,1
Workload,1
funeral,1
Disposability,1
Oyo,1
Delivery,1
Committee,1
detention,1
arbitrary,1
liberty,1
kerala,1
Kap,1
CYPRUS,1
HRM,1
joint,1
persuasion,1
respect,1
ignores,1
Persuasion,1
Technology,1
Klaten,1
multisystemic,1
Mistreatment,1
Résultats,1
Advisory,1
mistreatment,1
prosocial,1
epidemiologist,1
collectivist,1
undermined,1
meetings,1
conferencing,1
bomb,1
zoom,1
cliniques,1
suspect,1
différents,1
personnels,1
masculins,1
féminins,1
l'Hôpital,1
Universitaire,1
Italie,1
Pressure,1
Grace,1
1573,1
Committees,1
equal,1
antidiscrimination,1
CUG,1
shadows,1
COVID-19-systems,1
bring,1
Schrodinger,1
Flourishing,1
Violations,1
G/total,1
Mediators,1
Segmentation,1
Leon,1
Work–Family,1
Me,1
Interrupt,1
Better,1
Please,1
Technical,1
matrix,1
mainline,1
take-home,1
focusing,1
Administrations,1
scottish,1
abusing,1
declared,1
sting,1
subway,1
tract,1
deposition,1
Reflexiones,1
riesgos,1
ocupacionales,1
pandémicos,1
bio-aerosol,1
homemakers,1
Problems,1
Scorpion,1
partners,1
spirals,1
Downward,1
prosperity,1
Academic,1
choosing,1
Semi-quantitative,1
Reevaluation,1
Estudio,1
hospitalarios,1
afrontamiento,1
met,1
Nucleotide-Based,1
Conditionality,1
Derleme,1
Pregnancy,1
sidoarjo,1
Rawalpindi,1
correct,1
testamentary,1
disposition,1
fieldwork,1
conduct,1
telephone,1
Fieldworker,1
defence,1
charged,1
subversion,1
draconian,1
héroïsation,1
ostracisation./,1
review/,1
Çalisanlarinin,1
Sorunlari,1
trade,1
Bir,1
mentally,1
Bandung,1
seronegative,1
Homeless,1
incidents,1
PHOENIx,1
postponing,1
Olympics,1
O-MO-TE-NA-SHI,1
Rx,1
Independent,1
Non-medical,1
Outreach,1
2018-2019,1
Pharmacist,1
es,1
rationale,1
side-effects,1
Por,1
proteção,1
crucial,1
é,1
prioritária,1
combate,1
¿por,1
qué,1
historic,1
turning,1
Blunt,1
talk,1
subunit,1
Self-isolation,1
save,1
might,1
worker-buyouts,1
Marcora,1
recurrent,1
60,1
relapse,1
asintomáticos,1
resultados,1
cohorte,1
Aeropuerto,1
Internacional,1
qalyoubia,1
Be+,1
website,1
2006–2015,1
Conservative,1
outrage,1
faux,1
Disposable,1
prioridad,1
Distribution,1
pre-referral,1
Supervivencia,1
Peru/,1
Nang,1
Da,1
Dur,1
Labrador,1
Newfoundland,1
operational,1
artesunate,1
rectal,1
imaginaries,1
lucha,1
arts,1
Creative,1
EMS,1
pathologists,1
Contextual,1
Technologies,1
Driving,1
Coronavirus-2,1
Chennai,1
Autonomous,1
infectados,1
vacunación,1
Perú,1
psychopathology,1
specialty,1
citizenship,1
Two-tier,1
revitalise,1
refresh,1
courses,1
swimming,1
comply,1
instructions,1
outbreak-a,1
prospects,1
Outdoor,1
counter-rhetoric,1
outbreak/,1
Virüsü,1
Hastaligi,1
NGO,1
Sirasinda,1
Donanim,1
Kullanimi,1
retailers,1
australian,1
Unprotected,1
drogas,1
vacuna,1
óbitos,1
exchange,1
China/,1
muerte,1
revisión,1
China./,1
diseases-a,1
gam-COVID-vac,1
Respect,1
GAM-COVID-VAC,1
completo,1
Sulawesi,1
esquema,1
específicos,1
IGG,1
optimism,1
anticuerpos,1
linguistically,1
respuesta,1
uk,1
ordinary,1
Living,1
Infecção,1
force,1
Treatment-seeking,1
Estrategia,1
Bolivia,1
foster,1
Flemish,1
treatments,1
Post-exposure,1
fraternity,1
non-pharmacologic,1
toolkit,1
'ojek,1
Non-COVID,1
planificación,1
neurology,1
ejecución,1
estudio,1
gran,1
escala,1
seroprevalencia,1
situación,1
low-risk,1
modernity,1
reflexive,1
psychiatry,1
Generalized,1
vocational,1
modern,1
mythologisation,1
$,1
million,1
chadox1,1
Processing,1
Meat,1
Arabian,1
BioNTech,1
Cases,1
herd,1
studying,1
gained,1
26,1
sustained,1
..,1
III,1
completion,1
Beijing,1
Religious,1
FDA,1
approves,1
here,1
starts,1
provide,1
CVS,1
astezeneca,1
azd,1
residuals,1
biosolids,1
León,1
Physiologic,1
half-mask,1
Automating,1
Poster,1
abstract,1
Illusory,1
Uber,1
Eats,1
scarce,1
contracted,1
Masks,1
adversely,1
Damage,1
explorative,1
Unusual,1
Usual,1
Business,1
1222,1
times/,1
across-sectional,1
tele-homeworkers,1
solidarity,1
'de,1
Day-by-day,1
NGOs,1
making,1
fabric,1
scrub,1
caps,1
forty-one,1
Together,1
stand,1
personized,1
Pandelivery,1
sellers,1
relatively,1
fine,1
toll,1
primarily,1
Has,1
COVID.19,1
May-June,1
SARS-cov2,1
perform,1
radiological,1
Uygulamalari,1
Komitesi,1
Kontrol,1
'Healthcare,1
subaltern,1
2020-January,1
responsible,1
AOUP,1
healthworkers,1
Pneumonia,1
SARS-CoV-2-positive,1
falling,1
cracks,1
COVID-19′s,1
Practices,1
committee,1
Hospital/,1
Pandemi,1
Döneminde,1
Ekipman,1
Yönetimi,1
Üniversitesi,1
Hastanesi,1
Enfeksiyon,1
conditions-A,1
outlines,1
communicative,1
eight,1
Criterios,1
situations,1
case-controlled,1
NCOVID,1
placer,1
sufrimiento,1
prazer,1
sofrimento,1
Seattle,1
SARs-CoV-2,1
mainland,1
fashion,1
Transborder,1
transfer,1
hard,1
Aged,1
inhibitor-resistant,1
reuptake,1
serotonin,1
selective,1
Trazodone,1
coworkership,1
vulnerabilidad,1
Broad-based,1
clinicians,1
basics,1
Garment,1
Intervenciones,1
Spain./,1
pillar,1
nos,1
alud,1
introduced,1
Bill,1
light,1
mutual,1
Leitourgia,1
armed,1
forces,1
North-Western,1
Thirty-day,1
Jobs,1
Panopticon/,1
prerogatives,1
algorithmic,1
bargaining,1
Telebehavioral,1
vaccinating,1
typology,1
jaystaycationer,1
CovID-19,1
filters,1
ventilation,1
Noninvasive,1
Coimbatore,1
resistances,1
logics,1
e-workers,1
Attaining,1
quadruple,1
aim,1
Competing,1
manolada,1
dermatology,1
blend,1
dilemma,1
ethnically,1
panacea,1
correction,1
volgograd,1
repurposed,1
think,1
n't,1
anosmia,1
Hygiene,1
pre-covid-19,1
bangladesh,1
settlements,1
Informal,1
delhi,1
Shiraz,1
biobehavioral,1
Active,1
Mandate,1
Districts,1
Refugee-Hosting,1
ubiquitous,1
Methods,1
pre-pandemic,1
north-eastern,1
medium-size,1
small-,1
suicide-related,1
where,1
Systems,1
Accelerating,1
link,1
Dec,1
greece,1
bangladeshi,1
alleviate,1
citizens,1
flatten,1
curve,1
—their,1
anguish,1
Struggle,1
Neyshabur,1
GPS,1
QR,1
code,1
scanner,1
reflected,1
aerosolization,1
cartoonists,1
She-Coronavirus,1
unexposed,1
earthquake-exposed,1
universitario/,1
Wenchuan,1
unaccountability,1
corruption,1
german,1
Adamawa,1
seek,1
Parentification,1
wounds,1
salt,1
undocumented,1
capitalism,1
Jaya,1
Pidie,1
Aceh,1
Consequences,1
Makassar,1
serological-epidemiological,1
backbone,1
Determinat,1
Saroso,1
Aerosol-generating,1
Sulianti,1
Favipiravir,1
recognised,1
trash,1
considered,1
Pickers,1
selection,1
Waste,1
Adding,1
meaningful,1
covd,1
tunisian,1
Pender,1
Orders,1
Stay-at-Home,1
Time-Use,1
Inductive,1
Intensity,1
Density,1
faceless,1
housekeeping,1
sanitary,1
Fungibility,1
epidemiológico,1
covid-19-need,1
inquérito,1
um,1
permanência,1
appraisals,1
Proteção,1
longa,1
respostas,1
pandemia/,1
instituições,1
residentes,1
Toward,1
geography,1
sites,1
improvements,1
Childcare,1
questões,1
recomendações,1
profissional,1
cuestiones,1
recomendaciones,1
profesional,1
bioethical,1
Linking,1
Lusaka,1
PAS,1
stabilisation,1
one-day,1
summers,1
centrality,1
Deal,1
Green,1
wellness,1
Gujarat,1
sword,1
double-edged,1
Soroprevalência,1
hour,1
sacrificed,1
worker-owned,1
literatura/,1
HIV-infected,1
span,1
Life,1
transformative,1
co-mentoring,1
Duoethnography,1
negotiating,1
asymptomatic/pauci-symptomatic,1
firms,1
created,1
Dr,1
buyouts,1
advantage,1
mild-to-moderate,1
ill-health,1
Serving,1
Reimagining,1
dual,1
forever,1
remembered,1
battle,1
degree,1
C19PRC,1
Psychophysical,1
argentina,1
Eduardo,1
Liceaga,1
survey/,1
Oxford,1
inquiry,1
definitive,1
reappraisal,1
Rosario,1
trained,1
1789,1
Coloniality,1
intersectionality,1
race,1
Afghanistan,1
length,1
dissimilarity,1
Trickle-down,1
Dehradun,1
Dimensions,1
imppacts-sac.20,1
non-covid,1
estrategia,1
patients-a,1
Intervention-based,1
Sabah,1
Ababa,1
Addis,1
prioritizing,1
racial/ethnic,1
LA,1
variations,1
Reported,1
OMEGA-NET,1
Facemask-wearing,1
Odisha,1
FFP,1
high‐,1
Lower,1
Quetta,1
Baluchistan,1
participatory,1
elementary,1
Sero-prevalence,1
delivered,1
lay,1
consultation,1
cell-mediated,1
low‐incidence,1
launch,1
quantifying,1
spike-specific,1
expatriate,1
Going,1
non-sanitary,1
socio-sanitary,1
gender-based,1
Veilomani,1
prototyping,1
Pasifika,1
Umbrian,1
Phase,1
immunoglobulin,1
Pre,1
Ivory,1
Coast,1
test-based,1
mines,1
briefing,1
Anti-SARS,1
amplification,1
largest,1
Terni,1
Umbria,1
casualties,1
Pfizer‐BioNTech,1
Bayes,1
outset,1
2020/21,1
'Promoting,1
malnutrition,1
Simiyu,1
Tanzania,1
dementia-specific,1
Co-designing,1
permitting,1
differentially,1
immunocompromised,1
In-depth,1
classifier,1
FSW,1
help-seeking,1
television,1
flu-like,1
units/,1
Percepção,1
risco,1
adoecimento,1
saúde/,1
Percepción,1
All,1
Independence,1
leading,1
Morning,1
predictability,1
E-work,1
romanian,1
Older,1
epilepsy,1
taken,1
Rajasthan,1
Faster,1
qPCR-based,1
mass-screening,1
workflow,1
pooled,1
self-sampled,1
Serologic,1
conversations,1
Cross‐sectional,1
Contingency,1
SLEPT,1
Self-Reported,1
immunized,1
composed,1
self-initiated,1
Uttarakhand,1
assistantships,1
initiativ,1
precisión,1
equipos,1
Braving,1
Quandary,1
tissue,1
department/,1
servicio,1
urgencias,1
terciario,1
Collection,1
combatting,1
regression,1
Sana,1
Revising,1
Fiscal,1
Article,1
coronavac,1
Reintegration,1
intimate,1
returnee,1
Block-level,1
multinomial,1
quitarse,1
ponerse,1
aprender,1
ayudar,1
Sanitation,1
colonization,1
shops,1
vape,1
Hospitality,1
transactional,1
linguistics,1
caseworker,1
Intersectionality,1
Intake,1
post-industrial,1
Cardiopulmonary,1
Fluid,1
'And,1
culture,1
Causal,1
Autoworkers,1
Self-injury,1
Loss,1
transplants,1
¿Puede,1
logistic,1
Ventilation,1
curricula,1
Recovery,1
Virginia,1
Dramatic,1
drop,1
crashes,1
drowsy,1
driving,1
Organizations,1
Manage,1
Flexibility,1
I-Deals,1
Maintaining,1
2017-2018,1
Gig,1
Well-Being,1
preach,1
incapacity,1
self-medication,1
Risky,1
single-arm,1
open-label,1
3B,1
Paraguayan,1
multi-site,1
RBD-specific,1
tackle,1
shifting,1
droplets,1
influenza-like,1
quantity,1
supervisor,1
expectation-setting,1
Total,1
measured,1
Non‐life‐threatening,1
mRNA‐1273,1
self‐reported,1
vaccine-derived,1
Dili,1
Timor-Leste,1
Scoping,1
meta,1
Leading,1
westernmost,1
NP-specific,1
embitterment,1
Gyeonggi,1
Task,1
riesgo,1
enfermedad,1
AP-HP,1
non-pharmacological,1
self-criticism,1
Decontamination,1
marginal,1
Diagnostic,1
urine,1
gravity,1
heat-exposed,1
shoe,1
Rio,1
Janeiro,1
stressor-related,1
temperatures,1
Kobe,1
Romanian,1
eHBB,1
refresher,1
resource-scarce,1
mildly,1
Ebola-stricken,1
coaching,1
collegial,1
Kyoto,1
posting,1
autoimmune,1
Rishikesh,1
Yojana,1
Mandela,1
Bay,1
Municipality,1
practicality,1
Cameroon,1
capacities,1
Scottish,1
verocell,1
Sinopharm,1
khyber,1
Peshawar,1
solicitation,1
Prediction,1
Associated,1
Reduction,1
start,1
re‐infection,1
Pradhan,1
Mantri,1
Jan,1
Arogya,1
peri-pandemic,1
high-level,1
hindrances,1
worker/family,1
pre-symptomatic,1
Copenhagen,1
Questionnaire,1
Automated,1
miniaturized,1
detachment,1
interface,1
communicating,1
Age-dependence,1
READ-IT,1
underserved,1
expected,1
Diabetes,1
teach,1
population-level,1
represent,1
bundle,1
spreading,1
tensions,1
confronting,1
CHW,1
Turning,1
követoen,1
immunizálást,1
fertozést,1
kohorszában,1
Muscat,1
grade,1
İzmir,1
mean,1
5-item,1
Symptom,1
Rating,1
ratings,1
curtailing,1
utilisation,1
Neutralising,1
Unheard,1
uncared,1
unsupported,1
cohorts,1
immunization/,1
Az,1
anti-SARS-CoV-2-IgG-antitest-immunválaszok,1
monitorozása,1
magyarországi,1
két,1
Nelson,1
Enablers,1
disaster-exposed,1
detectable,1
Protect,1
About,1
entrepreneurship,1
Barbara,1
Santa,1
northwestern,1
Establishing,1
Partnerships,1
OSCAR,1
Power-building,1
"100,000",1
SARS-CoV-2-naive,1
exposure-based,1
Common,1
wide,1
connect,1
remotely,1
loved,1
ones,1
modulates,1
tend-and-befriend,1
hypothesis,1
day-shelter,1
Example,1
Advance,1
anti-S,1
sex-related,1
CoronaVac®,1
Vaxzevria®,1
explicative,1
WISER,1
Loddon,1
Mallee,1
study—protocol,1
updating,1
efficiently,1
protects,1
June–July,1
utilising,1
Pillar,1
Integration,1
contain,1
acne,1
mask—For,1
wildfire,1
rule,1
provider,1
liners,1
Process,1
Surviving,1
REsponses,1
Ayurveda,1
Tigray,1
Stated,1
discrete,1
several,1
Re‐ordering,1
connections,1
treat,1
mRNA-BNT162b2,1
northwest,1
Immunisation,1
Minimize,1
StratEgy,1
Sydney,1
PRECISE,1
2010-2019,1
rationalize,1
silicosis,1
silico‐tuberculosis,1
silica,1
club,1
proxy,1
weather,1
reorganization,1
triage,1
binary,1
Travel,1
survey-based,1
'Leading,1
specialised,1
Biomedical,1
ensue,1
RISE,1
meeting,1
Nigeria—A,1
150-day,1
Non‐linear,1
dose‐response,1
sleeping,1
hours—A,1
inter-individual,1
SMART,1
Montréal,1
cost-assessment,1
Sequential,1
virus‐inactivated,1
adenovirus‐vectored,1
Legionnaires,1
interns,1
ingesta,1
mentality,1
Hiding,1
clear,1
Enhance,1
feedback,1
overall,1
immunomodulators,1
January-17,1
Empowering,1
estate,1
layoffs,1
Timur,1
represented,1
industri,1
kawasan,1
PHK,1
offinso-north,1
Human,1
Services,1
rapidly,1
moving,1
Telehealth,1
Rights,1
spotlight,1
Covid-19-engendered,1
hotels,1
're,1
mid-career,1
accommodation,1
pakistan,1
rawalpindi,1
morale,1
boost,1
shows,1
coronavirus-related,1
Mindfulness,1
mute,1
Sorry,1
enhancing,1
field-hospital,1
biomarkers,1
Blood,1
owner,1
Harnessing,1
reflecting,1
Responding,1
lower-middle,1
date,1
Much,1
edition,1
appreciation,1
sonic,1
While,1
vaccinate,1
beta,1
gamma,1
SIOP,1
Recasting,1
accountable,1
unmarried,1
married,1
inclusion,1
Come,1
Highly,1
korban,1
Units,1
Diyala,1
baquba,1
IL6,1
AND,1
vitamin,1
19-an,1
Technological,1
Evaluate,1
MCA,1
Successful,1
box-barrier,1
bronchoscopy,1
Utility,1
perempuan,1
buruh,1
gratitude,1
positif,1
Membangun,1
varied,1
highlight,1
inequity,1
direct-care,1
siblings,1
EditorThe,1
Kolkata,1
Mosul,1
Industrial,1
Coordinate,1
induction,1
t‐cell,1
bnt162b2,1
mrna,1
Toolkit,1
Techs,1
quo,1
Udine,1
Fifty,1
Kathmandu,1
Secure,1
decision,1
makers,1
simplified,1
Industry,1
cairo,1
skill,1
soda,1
SEVID-KaV,1
valley,1
teacher,1
part-time,1
workers/medical,1
expect,1
morbidities,1
Legal,1
Romania,1
laboratory-confirmed,1
2012,1
Lithuania,1
chapters,1
Getting,1
Lettuce,1
4.0,1
worker-oriented,1
transitions,1
Incremento,1
study./,1
Tiruvallur,1
agents,1
alternative,1
patients-seeking,1
Ado,1
self-management,1
job-to-job,1
frontliners,1
canada,1
toronto,1
flows,1
'right-based,1
post-COVID19,1
intranasal,1
Examination,1
teams,1
filiation,1
Episcopal,1
Ministry,1
Country,1
heightened,1
HEAF,1
Only,1
Journaling,1
LGBTQIA+,1
BIPOC,1
practitioners,1
biopsychosocial-spiritual,1
feminist,1
front⁃line,1
demise,1
crisp,1
Burnt,1
Coachella,1
Comparable,1
feeding,1
complementary,1
Withdrawn,1
SPEAR,1
Science,1
2019-in,1
Workaholic,1
Might,1
autonomy,1
played,1
promising,1
IRAN,1
posttest,1
pretest,1
workersdesignated,1
psychologist,1
vademecum,1
Morbidity,1
COVID-19/Prevalence,1
insomnio,1
prevalencia,1
metaanálisis,1
sistemática,1
Revisión,1
unite,1
unionize,1
pathway,1
refugees,1
Project-supporting,1
Screen,1
Jade,1
Racial,1
Symposium,1
spiritual,1
balint,1
Correspondences,1
Multiple,1
Musculoskeletal,1
TT,1
audiometric,1
distance,1
policymakers,1
update,1
multiethnic,1
MD,1
Baltimore,1
Hcws,1
cisgender,1
literatura,1
two-group,1
Scary,1
PEARL,1
China-a,1
Aging,1
Voiced,1
senior,1
mist-exposed,1
mineral,1
Interleukin-1β,1
Release,1
Queensland,1
P.860Compassion,1
sleddog,1
races,1
veterinarians,1
locked,1
Repurposing,1
stone,1
patient-site,1
teleaudiology,1
Absenteeism,1
Measure,1
fuzzy,1
inference,1
2019-NCOV,1
undergoing,1
327,1
10.1186/s12931-020-01592-w,1
XIV,1
vaccination-dedicated,1
pre-post,1
Finnmarksløpet,1
setting-A,1
Decent,1
intelligent,1
automation,1
scary,1
breaker,1
benchtop,1
crossfire,1
drive-through,1
duirng,1
innovate,1
stewardship-educate,1
Series,1
Vanguard,1
arrest,1
makeshift,1
Reward,1
BSAC,1
queens,1
Children,1
bumblebee,1
Intra-specific,1
H-2A,1
guest,1
Section,1
agriculture,1
Desperate,1
desperate,1
2020-Failure,1
Construction,1
304,1
Crafting,1
HAM-A,1
ham-a,1
property,1
DSM-5,1
PCL-5,1
navigating,1
carers,1
begin,1
precariously,1
aberrations,1
chromosomal,1
si,1
sí,1
trabajadoras,1
Shift-Diabetes,1
shift-workers,1
NCOVID-19,1
undergraduate,1
ballari,1
jeans,1
non-working,1
females,1
Pre-registration,1
Locked,1
dry,1
AHP-TOPSIS,1
aprendidas/,1
Impactos,1
psicológicos,1
ocupacionais,1
das,1
sucessivas,1
ondas,1
recentes,1
pandemias,1
integrativa,1
lições,1
successive,1
airways,1
Front,1
Sao,1
Kitts,1
St.,1
Zika,1
Consistency,1
Demographics,1
initially,1
shutdowns,1
offshore,1
Line,1
grief,1
counseling,1
guys,1
Fuzzy,1
Based,1
Integrated,1
UAE,1
Fujairah,1
Sangatta,1
Asset,1
EP,1
Pertamina,1
Xi'an,1
multiplayer,1
game,1
enacting,1
interdependency,1
PT,1
Exercise,1
rest,1
PRC,1
colocated,1
Moving,1
spontaneity,1
rotation,1
Dry,1
políticas,1
implementation/,1
workers'health,1
reintegration,1
Policies,1
next,1
CVD,1
Behavioural,1
integration,1
intersectional,1
abbreviated,1
two-step,1
nivel,1
Strain,1
calle,1
percepción,1
asistencia,1
políticas/,1
O,1
nível,1
rua,1
percepção,1
assistência,1
implementação,1
Slovensku,1
epidémii,1
pri,1
pacientov,1
Malay,1
KACV,1
Oromia,1
caretakers,1
Messages,1
Crowdsourcing,1
Learned,1
Tools,1
Push-Based,1
Content-Development,1
Involving,1
mine,1
Commission,1
Lancet-AUB,1
rebuilding,1
Slovakia/,1
Návrh,1
protiepidemického,1
postupu,1
cieleného,1
zdravotníkov,1
self-care,1
